{"train_loss":0.0010704880522098392,"_runtime":125.8142341,"_wandb":{"runtime":125},"val_loss":0.0010979693906847388,"real_world_test_accuracy":0.07271340522624303,"_step":25,"test_loss":0.0013851929397787899,"_timestamp":1.7335929994463732e+09,"train_accuracy":0.09622805938124657,"val_accuracy":0.09276235103607178,"test_accuracy":0.08324509859085083,"real_world_test_loss":0.0027839978448189725}