{"val_accuracy":0.3025861382484436,"real_world_test_loss":0.00364487780377937,"train_loss":0.001315154426265508,"train_accuracy":0.3062560647726059,"val_loss":0.0014517787785734981,"_timestamp":1.733560602874859e+09,"real_world_test_accuracy":0.22419449476504413,"test_loss":0.001371590478811413,"_wandb":{"runtime":108},"test_accuracy":0.31588947772979736,"_step":22,"_runtime":108.7192921}