{"test_loss":0.001370491343550384,"_step":100,"relative_train_accuracy":0.005958294868469239,"relative_val_accuracy":0.005977630615234375,"val_loss":0.0013281470746733248,"train_loss":0.001298657653387636,"test_rel_accuracy":0.0037199112562441915,"_timestamp":1.7335980703024483e+09,"real_world_abs_test_accuracy":0.2677337192691392,"real_world_rel_test_accuracy":0.0037199112562441915,"absolute_val_accuracy":0.37139660120010376,"real_world_test_loss":0.003539621721793894,"_runtime":491.0715043,"test_abs_accuracy":0.3837420344352722,"_wandb":{"runtime":491},"absolute_train_accuracy":0.37248926162719725}