{"test_loss":0.0014599368441849947,"_runtime":79.9395813,"real_world_test_accuracy":0.30587728847801465,"_wandb":{"runtime":79},"train_loss":0.001462156162597239,"val_loss":0.0015436974063050002,"val_accuracy":0.4396440386772156,"_timestamp":1.7335618207043874e+09,"_step":16,"test_accuracy":0.41113990545272827,"real_world_test_loss":0.003676998587610844,"train_accuracy":0.42244974076747893}