{"val_loss":0.0010924834865503586,"_runtime":123.3653976,"real_world_test_loss":0.0027240692772777047,"test_loss":0.0010752926105991579,"real_world_test_accuracy":0.30010889897116055,"_wandb":{"runtime":129},"_step":24,"train_accuracy":0.39354060825548676,"train_loss":0.0011174468948554836,"_timestamp":1.7335923927830946e+09,"test_accuracy":0.41351985931396484,"val_accuracy":0.4246836442213792}