{"_timestamp":1.7335747569386513e+09,"test_loss":0.0015249673451762646,"val_loss":0.001524406427051872,"real_world_test_loss":0.0032000577595079713,"test_accuracy":0.08262676000595093,"train_loss":0.0012922826688736677,"_step":26,"train_accuracy":0.0751078449189663,"_wandb":{"runtime":127},"real_world_test_accuracy":0.05383845332829926,"_runtime":127.6843994,"val_accuracy":0.08352315425872803}