{"val_accuracy":0.22913235425949097,"test_loss":0.0008191020606318489,"train_accuracy":0.24951412081718444,"train_loss":0.0007152021629735827,"test_accuracy":0.23881691694259644,"_wandb":{"runtime":366},"val_loss":0.0009141321061179042,"real_world_test_accuracy":0.20388844997023117,"_runtime":366.685574,"_timestamp":1.733574364741131e+09,"_step":76,"real_world_test_loss":0.002369468282294965}