{"real_world_test_accuracy":0.14539385373707597,"val_loss":0.0009559444733895361,"_timestamp":1.7335933426213233e+09,"real_world_test_loss":0.002502098617764522,"_step":53,"train_loss":0.0008885364921297878,"train_accuracy":0.12443412989377975,"_runtime":257.7544192,"test_loss":0.000981866178335622,"val_accuracy":0.17380112409591675,"_wandb":{"runtime":257},"test_accuracy":0.1750672459602356}