{"_runtime":70.3234555,"real_world_test_loss":0.0031052216762836094,"real_world_test_accuracy":0.006163416298791822,"test_loss":0.0017325984349904151,"test_accuracy":0.005009944622333233,"val_accuracy":0.005261934720552885,"_timestamp":1.7335955698192854e+09,"train_accuracy":0.005360804106059827,"_step":10,"_wandb":{"runtime":76},"train_loss":0.0014978635988786425,"val_loss":0.0017795603937254502}