{"real_world_test_loss":0.002993007605119875,"test_loss":0.0011861426308034705,"real_world_test_accuracy":0.3088608638947781,"_wandb":{"runtime":159},"train_accuracy":0.42007707294664887,"test_accuracy":0.4224015749417819,"val_accuracy":0.42133353306696963,"train_loss":0.0010675080457555229,"val_loss":0.0010898678357569645,"_timestamp":1.7335572510488274e+09,"_runtime":159.8380105,"_step":31}