{"real_world_test_accuracy":0.07014039901109433,"val_loss":0.001221204933244735,"test_accuracy":0.08861953020095825,"_runtime":152.3997248,"train_loss":0.0010144827829208225,"_step":31,"_timestamp":1.7335732539780445e+09,"train_accuracy":0.08798383101820946,"test_loss":0.0011571384966373444,"real_world_test_loss":0.0026084371507263024,"_wandb":{"runtime":152},"val_accuracy":0.09140479564666748}