{"test_loss":0.0007685924244399827,"absolute_train_accuracy":0.4879781070508455,"test_rel_accuracy":0.0069570435024105485,"_timestamp":1.733602141693296e+09,"_wandb":{"runtime":253},"real_world_abs_test_accuracy":0.3587126891409154,"val_loss":0.0007543369384410863,"_runtime":253.2218945,"train_loss":0.0007049803657297927,"_step":50,"real_world_test_loss":0.002201216255546613,"relative_val_accuracy":0.009653604947603665,"relative_train_accuracy":0.011718373549611945,"absolute_val_accuracy":0.4734444251427284,"real_world_rel_test_accuracy":0.0069570435024105485,"test_abs_accuracy":0.4649446193988507}