{"real_world_test_accuracy":0.16041604648292287,"train_loss":0.0016781546322530822,"_timestamp":1.733557352711577e+09,"test_loss":0.003187741761883864,"val_loss":0.0033737561271454278,"val_accuracy":0.21012130150428185,"test_accuracy":0.19756639920748198,"_wandb":{"runtime":44},"_runtime":44.3105458,"_step":8,"real_world_test_loss":0.006802564509148921,"train_accuracy":0.24177214973851255}