{"test_rel_accuracy":0.005138127777213058,"relative_val_accuracy":0.0052931904792785645,"test_loss":0.001485490967752412,"real_world_rel_test_accuracy":0.005138127777213058,"val_loss":0.0014273925335146487,"absolute_val_accuracy":0.12500417232513428,"real_world_abs_test_accuracy":0.14677900009438893,"real_world_test_loss":0.0029182308676979785,"relative_train_accuracy":0.006112432479858399,"_step":30,"_timestamp":1.7335988720425153e+09,"_wandb":{"runtime":201},"absolute_train_accuracy":0.10532699450850487,"train_loss":0.0011200056876987218,"_runtime":195.8722475,"test_abs_accuracy":0.13674896955490112}