{"test_accuracy":0.006386280059814453,"val_loss":0.023133045993745327,"test_loss":0.02176025928929448,"_timestamp":1.7335766825316427e+09,"_wandb":{"runtime":481},"train_loss":0.022613602131605147,"real_world_test_loss":0.03202494664540078,"real_world_test_accuracy":0.006503761036245353,"val_accuracy":0.004027068614959717,"_runtime":481.5281746,"_step":100,"train_accuracy":0.004918662738054991}