{"_wandb":{"runtime":117},"test_loss":0.002293138124514371,"real_world_test_loss":0.004928094723744865,"val_accuracy":0.1924414038658142,"val_loss":0.0023766275262460113,"_timestamp":1.7335911712423737e+09,"_step":22,"test_accuracy":0.22093605995178223,"train_loss":0.001956874108873308,"train_accuracy":0.3133991420269012,"real_world_test_accuracy":0.14261834240314242,"_runtime":111.5480116}