{"real_world_test_loss":0.0016727562579711497,"val_loss":0.0006166204460896551,"real_world_abs_test_accuracy":0.39362564937775907,"test_rel_accuracy":0.00799033012531947,"test_loss":0.00073893703520298,"relative_val_accuracy":0.010089215449988842,"real_world_relative_val_accuracy":0.007873308259758365,"test_abs_accuracy":0.49558022022247317,"absolute_val_accuracy":0.49792091846466063,"absolute_train_accuracy":0.5074479309951558,"relative_train_accuracy":0.011142820470473346,"_timestamp":1.733615384587941e+09,"real_world_absolute_val_accuracy":0.3876311007928671,"_wandb":{"runtime":572},"_step":102,"real_world_val_loss":0.001660340155038176,"real_world_rel_test_accuracy":0.00799033012531947,"train_loss":0.0006391332077328116,"_runtime":572.1968999}