{"_step":58,"train_loss":0.0007672679843381047,"test_accuracy":0.09434330463409424,"val_loss":0.0010355189442634583,"_runtime":281.1884504,"real_world_test_accuracy":0.05274560637633597,"_wandb":{"runtime":281},"train_accuracy":0.11014151573181152,"real_world_test_loss":0.0028831232445172576,"_timestamp":1.733568234627249e+09,"val_accuracy":0.08052229881286621,"test_loss":0.0008948367030825466}