{"real_world_test_accuracy":0.05214506808709921,"val_loss":0.0011413045867811888,"val_accuracy":0.08329051733016968,"test_loss":0.0011480369430501014,"train_loss":0.0010570065292995422,"_runtime":438.3958918,"real_world_test_loss":0.002706770509477968,"test_accuracy":0.08621376752853394,"train_accuracy":0.08608322143554688,"_timestamp":1.733565325567986e+09,"_wandb":{"runtime":438},"_step":91}