{"_runtime":36.4595092,"_step":0,"train_loss":0.08901543748614035,"train_accuracy":0.3792250187773454,"val_loss":0.06414308284337704,"val_accuracy":0.13596981305342454,"_wandb":{"runtime":41},"_timestamp":1.733532301398107e+09}