{"_wandb":{"runtime":165},"_timestamp":1.7335368807200348e+09,"test_loss":0.001259431941434741,"real_world_test_loss":0.003023719471977975,"val_accuracy":0.14972239274245042,"train_loss":0.0011477399522463155,"train_accuracy":0.1267416602686832,"_runtime":162.5681421,"_step":29,"val_loss":0.001247981975141626}