{"_wandb":{"runtime":115},"_timestamp":1.7335570896719992e+09,"val_loss":0.0013331147895839352,"val_accuracy":0.38682255378136265,"test_loss":0.0012390450708783017,"_step":22,"real_world_test_loss":0.0032554343401205114,"train_accuracy":0.3874592279133044,"real_world_test_accuracy":0.2944598002947839,"_runtime":115.0177123,"test_accuracy":0.3911159955538236,"train_loss":0.0012259336378376343}