{"test_accuracy":0.38135535900409406,"_step":23,"train_accuracy":0.4210695467497173,"real_world_test_accuracy":0.282097004603276,"val_loss":0.0010361032685838067,"_wandb":{"runtime":124},"train_loss":0.0010712859282074006,"val_accuracy":0.37032596881573016,"_runtime":121.4150187,"real_world_test_loss":0.0019834848205956238,"_timestamp":1.7335488117215238e+09,"test_loss":0.0011357683688402176}