{"_wandb":{"runtime":261},"_runtime":261.3845018,"train_loss":0.0007089830585755407,"test_loss":0.0007751309167360887,"train_accuracy":0.17144265174865722,"val_loss":0.0008755828166613355,"val_accuracy":0.15641754865646362,"_step":54,"_timestamp":1.7335746276887698e+09,"real_world_test_loss":0.0025395027827146916,"test_accuracy":0.16166067123413086,"real_world_test_accuracy":0.11724887550098745}