{"_wandb":{"runtime":94},"val_accuracy":0.42828691005706787,"train_accuracy":0.3844275653362274,"real_world_test_accuracy":0.3193809764535897,"test_accuracy":0.4267157316207886,"test_loss":0.0011649212974589318,"_runtime":94.394905,"val_loss":0.0016234018257819116,"train_loss":0.0011889376444742083,"_timestamp":1.7335616189777012e+09,"real_world_test_loss":0.0029746330160124843,"_step":19}