{"test_accuracy":0.457761471088116,"_runtime":369.6487463,"val_loss":0.0010869888714156472,"_timestamp":1.7335424638262582e+09,"_step":70,"real_world_test_loss":0.003180655419532656,"test_loss":0.001078394004322875,"train_loss":0.0008679662714712322,"real_world_test_accuracy":0.32661732953720374,"_wandb":{"runtime":372},"train_accuracy":0.4488249076040168,"val_accuracy":0.458949455848107}