{"_timestamp":1.7335602915279422e+09,"train_loss":0.001457183575257659,"val_loss":0.0017943670973181725,"test_loss":0.0019326187029946595,"_wandb":{"runtime":84},"test_accuracy":0.18623054027557373,"real_world_test_loss":0.004412377733766659,"real_world_test_accuracy":0.14569313020954344,"val_accuracy":0.17464113235473633,"_runtime":84.6092202,"train_accuracy":0.1662656158208847,"_step":17}