{"_timestamp":1.733579601552675e+09,"_runtime":494.5238611,"train_loss":0.0054016960319131615,"real_world_test_loss":0.009712053291485766,"test_accuracy":0.032708823680877686,"train_accuracy":0.03719769325107336,"_wandb":{"runtime":494},"test_loss":0.005582819692790508,"val_accuracy":0.03353893756866455,"_step":100,"val_loss":0.0053157450165599585,"real_world_test_accuracy":0.01838462857951905}