{"_runtime":288.6981609,"_step":59,"test_loss":0.0008528196631232277,"val_accuracy":0.14567893743515015,"train_accuracy":0.03519524745643139,"train_loss":0.0006050541240256279,"val_loss":0.0007893532019807026,"real_world_test_accuracy":0.11609958804672979,"real_world_test_loss":0.002620364748407588,"test_accuracy":0.14136332273483276,"_wandb":{"runtime":288},"_timestamp":1.733594230642726e+09}