{"val_accuracy":0.0035949349403381348,"_wandb":{"runtime":483},"test_accuracy":0.0032281875610351562,"_timestamp":1.7335761994023263e+09,"train_accuracy":0.003242969512939453,"val_loss":0.02413046546280384,"test_loss":0.02472422458231449,"real_world_test_loss":0.03171570891978351,"real_world_test_accuracy":0.005540301808637314,"train_loss":0.02409087251871824,"_runtime":483.8321283,"_step":100}