{"train_loss":0.014932980667799712,"_wandb":{"runtime":487},"test_loss":0.014143934240564704,"real_world_test_accuracy":0.008994687445544842,"val_accuracy":0.01884150505065918,"real_world_test_loss":0.019354573721031495,"train_accuracy":0.013188234996050596,"test_accuracy":0.011703312397003174,"_step":100,"_timestamp":1.7335810689882448e+09,"_runtime":487.6885488,"val_loss":0.01429300894960761}