{"_timestamp":1.733564503299419e+09,"test_accuracy":0.3076102137565613,"_step":24,"val_loss":0.001291223830776289,"test_loss":0.0013386210484895855,"_wandb":{"runtime":117},"val_accuracy":0.3042166233062744,"_runtime":117.9442248,"real_world_test_loss":0.003651754377101683,"real_world_test_accuracy":0.2302908064264347,"train_accuracy":0.3598456859588623,"train_loss":0.0013142208685167135}