{"test_accuracy":0.07761567831039429,"train_loss":0.0012978926766663789,"val_loss":0.00126047054072842,"real_world_test_loss":0.0030175440390351953,"_runtime":109.1523596,"_timestamp":1.7335593130231905e+09,"train_accuracy":0.07518876418471336,"real_world_test_accuracy":0.05556462511254066,"_wandb":{"runtime":109},"_step":22,"val_accuracy":0.08309727907180786,"test_loss":0.0011684067430905998}