{"real_world_test_accuracy":0.32408624244888473,"train_accuracy":0.42305620093094676,"val_accuracy":0.4522547355064979,"_runtime":443.2281913,"real_world_test_loss":0.0031796176830755866,"test_accuracy":0.442229857811561,"_wandb":{"runtime":443},"_timestamp":1.7335566962700791e+09,"val_loss":0.0010681377652172858,"test_loss":0.0010175220086239278,"train_loss":0.0010843020266436628,"_step":87}