{"_step":31,"real_world_test_accuracy":0.27693159252294375,"_timestamp":1.7335497275675926e+09,"val_loss":0.0009927108677892159,"real_world_test_loss":0.0030995525997893738,"_wandb":{"runtime":161},"train_accuracy":0.42543238087704305,"_runtime":158.6551608,"val_accuracy":0.4000379122220553,"train_loss":0.0009588240630508057,"test_accuracy":0.3885068159836989,"test_loss":0.000937269834909015}