{"val_loss":0.0021787381175762187,"train_accuracy":0.20182471526296517,"_step":31,"_timestamp":1.7335370508497405e+09,"test_loss":0.0021282893139868975,"real_world_test_loss":0.0046281361541075485,"train_loss":0.001955064791744869,"_wandb":{"runtime":168},"val_accuracy":0.3580152071439303,"_runtime":166.009119}