{"_wandb":{"runtime":487},"_step":100,"train_accuracy":0.009749341011047363,"test_accuracy":0.01136922836303711,"_runtime":487.4665185,"real_world_test_loss":0.020879562272513665,"train_loss":0.015231899172067642,"val_loss":0.015566078247502446,"val_accuracy":0.009928107261657715,"_timestamp":1.7335805797753866e+09,"real_world_test_accuracy":0.007051489167053903,"test_loss":0.015111392131075263}