{"_wandb":{"runtime":189},"real_world_test_accuracy":0.03876044404550999,"_timestamp":1.7335731000209496e+09,"test_accuracy":0.07748740911483765,"test_loss":0.0013241981505416334,"train_accuracy":0.08491120338439942,"val_loss":0.0012328125012572855,"val_accuracy":0.07821798324584961,"_runtime":189.8284133,"train_loss":0.0011419907095842063,"_step":39,"real_world_test_loss":0.003971315929441121}