{"test_loss":0.004224341944791377,"_wandb":{"runtime":486},"_step":100,"_runtime":486.4067386,"_timestamp":1.7335840015804286e+09,"real_world_test_loss":0.0072755162538372005,"train_accuracy":0.04992810897529125,"val_loss":0.00402575935004279,"val_accuracy":0.04601156711578369,"real_world_test_accuracy":0.025956561574262314,"train_loss":0.0037561478093266487,"test_accuracy":0.05372440814971924}