{"_timestamp":1.7335607902302508e+09,"real_world_test_accuracy":0.13920377710051696,"test_loss":0.0025364008033648133,"real_world_test_loss":0.004833521912147924,"test_accuracy":0.1684088110923767,"val_loss":0.002376777119934559,"_step":11,"_runtime":56.1193438,"train_accuracy":0.22365570068359375,"val_accuracy":0.17462491989135742,"_wandb":{"runtime":56},"train_loss":0.0017200327129103243}