{"real_world_test_accuracy":0.2688214610500407,"_runtime":108.490202,"_step":22,"train_accuracy":0.3427672475576401,"_timestamp":1.7335604016444008e+09,"val_accuracy":0.31001532077789307,"train_loss":0.0011788028758019208,"real_world_test_loss":0.0025442773415655117,"val_loss":0.002189729129895568,"test_accuracy":0.3042603135108948,"_wandb":{"runtime":108},"test_loss":0.0022399183944799006}