{"real_world_test_loss":0.012713294677076287,"val_accuracy":0.017488181591033936,"_step":100,"_wandb":{"runtime":487},"val_loss":0.009404021548107266,"train_loss":0.009375690761953593,"test_accuracy":0.01574784517288208,"real_world_test_accuracy":0.012400347060873606,"test_loss":0.009291003691032529,"train_accuracy":0.017243870161473752,"_timestamp":1.7335820473067555e+09,"_runtime":487.6173726}