{"val_loss":0.03958159685134888,"_runtime":486.670909,"val_accuracy":0.000610053539276123,"real_world_test_accuracy":0.0024809429636675185,"real_world_test_loss":0.048140274291532635,"train_loss":0.03961701914668083,"_step":100,"train_accuracy":0.0005781571089755744,"_timestamp":1.733579105254655e+09,"test_accuracy":0.00043886899948120117,"test_loss":0.04008587263524532,"_wandb":{"runtime":486}}