{"relative_val_accuracy":0.007541539392581112,"real_world_test_loss":0.0019622539872473253,"absolute_train_accuracy":0.392704495212488,"val_loss":0.0011034582612888986,"_step":22,"train_loss":0.0012046160817701828,"real_world_rel_test_accuracy":0.006952562296700744,"_runtime":187.0730807,"absolute_val_accuracy":0.3398460259563045,"real_world_abs_test_accuracy":0.3093102323964626,"test_abs_accuracy":0.3447836166933963,"test_loss":0.001177322909873175,"_timestamp":1.7336108307176821e+09,"_wandb":{"runtime":187},"relative_train_accuracy":0.007818171852513364,"test_rel_accuracy":0.006952562296700744}