{"_timestamp":1.7335844905975053e+09,"real_world_test_loss":0.007623972790142639,"train_loss":0.005596510646864772,"_step":100,"test_accuracy":0.04090934991836548,"val_loss":0.005612291279248893,"test_loss":0.005448033451102674,"_wandb":{"runtime":487},"real_world_test_accuracy":0.026659543629472583,"train_accuracy":0.043541614338755606,"_runtime":487.4122534,"val_accuracy":0.0393405556678772}