{"_timestamp":1.7335329279400873e+09,"_step":27,"test_loss":0.002886792653813385,"val_accuracy":0.10485037473531869,"val_loss":0.002836511076356356,"_runtime":148.7341381,"train_loss":0.0024436567358574585,"train_accuracy":0.03603273551715048,"_wandb":{"runtime":151},"real_world_test_loss":0.005239998386630989}