{"test_accuracy":0.09788894653320312,"_timestamp":1.7335710503963082e+09,"val_accuracy":0.09624189138412476,"train_loss":0.0008588855271227658,"real_world_test_accuracy":0.06755678538496167,"train_accuracy":0.1017298698425293,"_wandb":{"runtime":318},"val_loss":0.0009558893361827359,"test_loss":0.0008638861909275874,"real_world_test_loss":0.0020739544803176253,"_step":66,"_runtime":318.8717362}