{"_wandb":{"runtime":486},"_runtime":486.5702795,"train_loss":0.002214184054173529,"val_accuracy":0.05538100004196167,"real_world_test_accuracy":0.028014229132783456,"real_world_test_loss":0.005171919928354706,"_timestamp":1.7335854684071276e+09,"test_accuracy":0.05371677875518799,"train_accuracy":0.07077639102935791,"test_loss":0.00271859421627596,"_step":100,"val_loss":0.0025266256416216493}