{"test_loss":0.0013909584959037602,"_wandb":{"runtime":108},"_timestamp":1.7335633014986565e+09,"val_loss":0.0015225104871205986,"val_accuracy":0.39158207178115845,"_runtime":108.3210464,"real_world_test_loss":0.003717706577469799,"train_loss":0.0013344711274839937,"_step":22,"test_accuracy":0.3872377872467041,"train_accuracy":0.40035054087638855,"real_world_test_accuracy":0.27091163153098863}