{"val_accuracy":0.11795528118426983,"_runtime":151.56692,"_timestamp":1.733537403311201e+09,"train_accuracy":0.15149656095002828,"real_world_test_loss":0.005432498915147791,"_step":28,"val_loss":0.0021482004622857156,"_wandb":{"runtime":154},"train_loss":0.002094466502680198,"test_loss":0.002184063482743043}