{"_step":15,"_timestamp":1.7335562513986962e+09,"test_accuracy":0.39473562974196214,"real_world_test_accuracy":0.2864252253535955,"val_accuracy":0.4021457525400015,"test_loss":0.0019368175685835572,"_wandb":{"runtime":79},"val_loss":0.0016822420562115999,"_runtime":79.5590281,"real_world_test_loss":0.005617930164792641,"train_loss":0.0016259178029079187,"train_accuracy":0.32656960738332647}