{"test_accuracy":0.36232430594308035,"train_accuracy":0.3237283606278269,"test_loss":0.001522008396152939,"real_world_test_accuracy":0.2825403036238093,"_timestamp":1.7335503176453986e+09,"_step":24,"val_loss":0.0015344364468806557,"real_world_test_loss":0.002614571297234859,"val_accuracy":0.3676708085196359,"train_loss":0.0011475665592833569,"_wandb":{"runtime":123},"_runtime":121.2107114}