{"relative_val_accuracy":0.006815323462853065,"absolute_train_accuracy":0.3959464022987767,"test_rel_accuracy":0.005780074676173327,"_timestamp":1.7335996487759132e+09,"_runtime":118.4746928,"_step":21,"train_loss":0.0012673722598456631,"real_world_test_loss":0.0033201694243577165,"val_loss":0.0020556309923099782,"test_loss":0.002064605816625632,"_wandb":{"runtime":124},"absolute_val_accuracy":0.3343946016751803,"real_world_rel_test_accuracy":0.005780074676173327,"test_abs_accuracy":0.3228308604313777,"relative_train_accuracy":0.006848059202495374,"real_world_abs_test_accuracy":0.24185095577878138}