{"_wandb":{"runtime":390},"test_accuracy":0.4461591839790344,"train_accuracy":0.44876871109008787,"val_accuracy":0.44364482164382935,"_timestamp":1.7335615230226367e+09,"_step":81,"val_loss":0.0010081320360768586,"test_loss":0.0010541874216869473,"_runtime":390.7104455,"train_loss":0.0009756012121215462,"real_world_test_loss":0.0028579001401275827,"real_world_test_accuracy":0.3149958614079926}