{"train_accuracy":0.04205407310081156,"val_loss":0.001461015915713058,"val_accuracy":0.01583257088294396,"_wandb":{"runtime":1697},"_timestamp":1.733530562405326e+09,"_runtime":1697.9102378,"_step":46,"train_loss":0.0015523833786382486}