{"val_loss":0.0014510264960475839,"_timestamp":1.7335928720936444e+09,"_step":12,"test_loss":0.001499895678045085,"_wandb":{"runtime":64},"test_accuracy":0.26612164424015927,"train_accuracy":0.2755295100964998,"real_world_test_loss":0.002982835644998044,"val_accuracy":0.2658967971801758,"train_loss":0.001385995346170507,"real_world_test_accuracy":0.2061195231724849,"_runtime":64.1235873}