{"test_loss":0.0008513777633197605,"_wandb":{"runtime":560},"real_world_rel_test_accuracy":0.007495468877062035,"_step":100,"absolute_val_accuracy":0.45283647179603576,"_runtime":560.9884867,"absolute_train_accuracy":0.46912428175701815,"val_loss":0.0009275355492718518,"test_abs_accuracy":0.45614251494407654,"real_world_absolute_val_accuracy":0.370021890973513,"real_world_test_loss":0.0017427589825906732,"_timestamp":1.7336136444719367e+09,"train_loss":0.0007477215843905202,"relative_train_accuracy":0.009799744101131663,"real_world_val_loss":0.001823638414801358,"real_world_abs_test_accuracy":0.37500170172368724,"real_world_relative_val_accuracy":0.007471361124825744,"test_rel_accuracy":0.007495468877062035,"relative_val_accuracy":0.009200859069824218}