{"val_loss":0.000951857350838299,"_wandb":{"runtime":368},"train_accuracy":0.49154705750314814,"real_world_test_accuracy":0.345125786877033,"test_accuracy":0.4745103395902194,"_timestamp":1.7335464073944445e+09,"test_loss":0.0009696405658570046,"real_world_test_loss":0.0026930613650119825,"val_accuracy":0.4792663867657001,"_step":73,"_runtime":365.7671349,"train_loss":0.0005917899788504368}