{"train_loss":0.0010469115743609635,"real_world_test_accuracy":0.18973895785533806,"_timestamp":1.7335428025443525e+09,"val_accuracy":0.22793997251070464,"_runtime":206.8954966,"_wandb":{"runtime":210},"train_accuracy":0.253228087174265,"test_accuracy":0.23241806030273438,"real_world_test_loss":0.0023523284263863853,"_step":38,"val_loss":0.0009075185561624283,"test_loss":0.0009408849739254668}