{"test_loss":0.004909483133815229,"train_loss":0.004542515426874161,"train_accuracy":0.0416714034974575,"_timestamp":1.733584980317723e+09,"real_world_test_accuracy":0.018952890842820633,"val_accuracy":0.031158387660980225,"real_world_test_loss":0.00739745154187471,"_wandb":{"runtime":488},"_step":100,"_runtime":488.0977222,"val_loss":0.005123525741510093,"test_accuracy":0.03602331876754761}