{"real_world_test_loss":0.002550338445574073,"real_world_test_accuracy":0.11604467909575394,"test_loss":0.001040358591126278,"test_accuracy":0.17660021781921387,"_wandb":{"runtime":207},"val_loss":0.001026025929604657,"_timestamp":1.7335585101322508e+09,"_runtime":207.9531219,"train_accuracy":0.28749860227108004,"val_accuracy":0.15816372632980347,"_step":42,"train_loss":0.000843862333567813}