{"train_accuracy":0.07360308989882469,"val_loss":0.0024681116337887943,"_step":100,"test_accuracy":0.07047128677368164,"real_world_test_loss":0.00450927128523699,"real_world_test_accuracy":0.032610698260339216,"train_loss":0.0021877128165215254,"_timestamp":1.7335864456473346e+09,"_wandb":{"runtime":486},"val_accuracy":0.046041131019592285,"test_loss":0.0024562031612731516,"_runtime":486.6061656}