{"train_loss":0.001153797679580748,"_timestamp":1.7335589910779576e+09,"_step":22,"val_accuracy":0.37401115894317627,"test_loss":0.0011568748013814911,"real_world_test_loss":0.0023619021761528006,"_runtime":109.3158446,"_wandb":{"runtime":109},"train_accuracy":0.2440354824066162,"test_accuracy":0.383034348487854,"val_loss":0.0011891611793544143,"real_world_test_accuracy":0.2848128988840323}