{"_timestamp":1.733542924271669e+09,"test_loss":0.0013113972605564273,"_runtime":116.749176,"real_world_test_loss":0.003173949664435263,"test_accuracy":0.26821451920729417,"real_world_test_accuracy":0.22562757300621514,"train_loss":0.0013842248560027464,"train_accuracy":0.1272568200763903,"val_accuracy":0.26835082127497745,"val_loss":0.0012991554820193695,"_wandb":{"runtime":120},"_step":21}