{"real_world_test_loss":0.0023895817908668737,"test_accuracy":0.4669332504272461,"val_accuracy":0.4711290506216196,"_timestamp":1.733593940329944e+09,"train_loss":0.0007609974632750413,"test_loss":0.0007784314578972184,"_runtime":313.298231,"_wandb":{"runtime":313},"train_accuracy":0.18377384386564555,"_step":62,"real_world_test_accuracy":0.35508563527387316,"val_loss":0.0007869200243686254}