{"train_accuracy":0.07164181098341942,"test_loss":0.0017580300627741963,"_wandb":{"runtime":190},"real_world_test_accuracy":0.03559518126306924,"_timestamp":1.7335694188130722e+09,"_runtime":190.8332732,"real_world_test_loss":0.004745946956675527,"_step":39,"test_accuracy":0.062021076679229736,"train_loss":0.001477939309552312,"val_loss":0.001492553885327652,"val_accuracy":0.06989961862564087}