{"test_accuracy":0.3406735062599182,"val_loss":0.0014092714991420507,"test_loss":0.001290326297748834,"_step":31,"real_world_test_accuracy":0.24814631238745935,"_timestamp":1.7335919578049684e+09,"_wandb":{"runtime":159},"_runtime":153.5903854,"train_loss":0.001508469646796584,"real_world_test_loss":0.0037852433689940916,"train_accuracy":0.35796560645103453,"val_accuracy":0.3401889204978943}