{"_runtime":133.2775862,"absolute_val_accuracy":0.3802008032798767,"val_loss":0.0035525576677173376,"absolute_train_accuracy":0.31600542962551115,"_step":11,"test_loss":0.0031924513168632984,"relative_val_accuracy":0.003473043441772461,"train_loss":0.0017238663975149393,"relative_train_accuracy":0.005869936943054199,"test_rel_accuracy":0.00485808078241171,"_timestamp":1.733602711778692e+09,"real_world_abs_test_accuracy":0.29328816353610015,"real_world_rel_test_accuracy":0.00485808078241171,"_wandb":{"runtime":133},"test_abs_accuracy":0.3911764621734619,"real_world_test_loss":0.004616508380463174}