{"_timestamp":1.7336116041207771e+09,"test_abs_accuracy":0.4598569713140789,"_runtime":375.9619002,"absolute_train_accuracy":0.4591018442522016,"_wandb":{"runtime":375},"val_loss":0.0008779786171783742,"real_world_test_loss":0.0016495366149636497,"test_rel_accuracy":0.006621406867158457,"test_loss":0.0009477919053384348,"_step":50,"relative_val_accuracy":0.007930638513674862,"absolute_val_accuracy":0.4649661716661955,"real_world_abs_test_accuracy":0.37392019959630574,"relative_train_accuracy":0.009317715962727865,"train_loss":0.0008901446779961126,"real_world_rel_test_accuracy":0.006621406867158457}