{"_timestamp":1.7335458901618307e+09,"train_loss":0.0006484806378322997,"val_accuracy":0.37395014081682476,"_runtime":240.447852,"real_world_test_accuracy":0.2822540169754879,"_wandb":{"runtime":242},"test_loss":0.0012011792194763465,"train_accuracy":0.3894323894852086,"test_accuracy":0.36251953669956755,"val_loss":0.0009351484061750982,"_step":94,"real_world_test_loss":0.0029704347158177173}