{"train_accuracy":0.006366737699136138,"test_loss":0.0013535251782741398,"val_accuracy":0.004082143306732178,"_timestamp":1.7335954915009246e+09,"_wandb":{"runtime":266},"test_accuracy":0.004493534564971924,"real_world_test_accuracy":0.004267639387052742,"_runtime":259.8895907,"_step":40,"real_world_test_loss":0.002804283973727147,"val_loss":0.0015194644511211663,"train_loss":0.0010953751276247202}