{"train_loss":0.001213002456719742,"val_accuracy":0.09690489087785993,"train_accuracy":0.08887406399375514,"real_world_test_accuracy":0.06531833804672979,"_runtime":123.6399841,"val_loss":0.0010973644176764147,"_timestamp":1.73354486844478e+09,"_step":48,"real_world_test_loss":0.0031538755249610295,"test_accuracy":0.0923851558140346,"test_loss":0.0012704776350541838,"_wandb":{"runtime":126}}