{"_step":24,"absolute_train_accuracy":0.35127032430548416,"test_rel_accuracy":0.004196564061047863,"test_loss":0.0015865651478704351,"test_abs_accuracy":0.44515308967003453,"relative_train_accuracy":0.006838422072561164,"_timestamp":1.7335990150256362e+09,"train_loss":0.0013767702805221472,"val_loss":0.0017052867467730092,"relative_val_accuracy":0.004677992600661058,"absolute_val_accuracy":0.4405211668748122,"real_world_rel_test_accuracy":0.004196564061047863,"_wandb":{"runtime":141},"real_world_abs_test_accuracy":0.3442340269407818,"_runtime":135.4323953,"real_world_test_loss":0.003563508193279516}