{"val_accuracy":0.4643453870500837,"_timestamp":1.733550465885709e+09,"_wandb":{"runtime":146},"val_loss":0.0010978988970496825,"real_world_test_loss":0.003155171308150605,"real_world_test_accuracy":0.3414081445857052,"train_accuracy":0.4230406158848813,"train_loss":0.0010517067398483817,"_runtime":144.0474188,"test_accuracy":0.4619783673967634,"_step":29,"test_loss":0.0010879524052143097}