{"train_loss":0.001205368957016617,"test_loss":0.001434749661711976,"val_loss":0.0015692669549025595,"val_accuracy":0.07382911443710327,"_timestamp":1.7335734500726182e+09,"_step":40,"_wandb":{"runtime":194},"train_accuracy":0.0778692565858364,"real_world_test_accuracy":0.040644535787929835,"_runtime":194.5129302,"real_world_test_loss":0.003614295195795935,"test_accuracy":0.07701939344406128}