{"val_loss":0.0010137081262655556,"val_accuracy":0.39338046312332153,"real_world_test_loss":0.0024910735390079814,"_timestamp":1.7335639477137399e+09,"test_loss":0.0011886766587849706,"_step":66,"train_accuracy":0.4030607223510742,"real_world_test_accuracy":0.30963236869046235,"_wandb":{"runtime":319},"_runtime":319.4089259,"test_accuracy":0.38996994495391846,"train_loss":0.0009741002635564655}