{"train_accuracy":0.37127499831350225,"_runtime":192.5046206,"_timestamp":1.7335372475298543e+09,"_step":36,"test_loss":0.0018081460506297075,"val_accuracy":0.3438449272742638,"_wandb":{"runtime":195},"val_loss":0.001848792048314443,"real_world_test_loss":0.0049820277935325,"train_loss":0.0017405354209538352}