{"real_world_test_loss":0.002425815325319511,"val_accuracy":0.00932935568002554,"_timestamp":1.7335962353638144e+09,"test_loss":0.000730661169375078,"_step":72,"test_accuracy":0.010040356562687801,"val_loss":0.000827004199471468,"train_accuracy":0.012460131394235711,"_wandb":{"runtime":370},"_runtime":370.6809935,"train_loss":0.0006043549319177768,"real_world_test_accuracy":0.007193583094940753}