{"_runtime":261.5085663,"_step":54,"test_loss":0.0014540630218107253,"train_accuracy":0.07413841113448143,"val_accuracy":0.07378405332565308,"_timestamp":1.7335665111560612e+09,"real_world_test_loss":0.0032792115600461134,"train_loss":0.0014329746132716536,"real_world_test_accuracy":0.045102541331464914,"_wandb":{"runtime":261},"val_loss":0.0014352694270201027,"test_accuracy":0.06671154499053955}