{"test_loss":0.00144372574868612,"val_loss":0.0012982792977709323,"real_world_test_loss":0.00360913062987496,"real_world_test_accuracy":0.04131983647116055,"_wandb":{"runtime":357},"train_accuracy":0.0795239768922329,"val_accuracy":0.08226943016052246,"_timestamp":1.7335668698663125e+09,"test_accuracy":0.07607662677764893,"_step":74,"_runtime":357.1407336,"train_loss":0.0012580603128299118}