{"test_accuracy":0.52479311136099,"real_world_test_accuracy":0.49072169193991055,"val_loss":0.030775584567051668,"test_loss":0.029328558020866834,"_step":26,"_timestamp":1.733555667628067e+09,"_wandb":{"runtime":134},"_runtime":134.6478031,"train_loss":0.005068930497049894,"val_accuracy":0.5168605951162485,"real_world_test_loss":0.027594279250749785,"train_accuracy":0.16097422649985865}