{"test_accuracy":0.1770932857806866,"_step":13,"test_loss":0.002285981049331335,"real_world_test_loss":0.003914967776089214,"_wandb":{"runtime":69},"val_accuracy":0.18056612748366135,"train_loss":0.001679291363535939,"real_world_test_accuracy":0.1502438229699117,"train_accuracy":0.2681148930599815,"val_loss":0.002300351893959137,"_runtime":69.1104613,"_timestamp":1.7335568564769673e+09}