{"_step":56,"test_loss":0.0008110242488328367,"val_accuracy":0.107424795627594,"_wandb":{"runtime":271},"train_loss":0.0006753695313818752,"_timestamp":1.7335729086160476e+09,"test_accuracy":0.11170148849487305,"val_loss":0.000863193505210802,"_runtime":271.5724489,"train_accuracy":0.123903688788414,"real_world_test_loss":0.002097727328609869,"real_world_test_accuracy":0.07175147754995354}