{"val_loss":0.0023458830546587706,"val_accuracy":0.06663841009140015,"_timestamp":1.7335882291081774e+09,"_wandb":{"runtime":313},"_runtime":310.3274633,"_step":62,"train_loss":0.0024268091190606357,"train_accuracy":0.06452067717909812}