{"test_accuracy":0.0009638667106628418,"train_accuracy":0.0017519235610961915,"val_accuracy":0.001228928565979004,"_step":100,"train_loss":0.0349511094391346,"val_loss":0.03474793955683708,"real_world_test_accuracy":0.003976134119423792,"test_loss":0.03454364649951458,"_runtime":481.5765479,"real_world_test_loss":0.04025114729280366,"_wandb":{"runtime":481},"_timestamp":1.7335771656342418e+09}