{"real_world_test_accuracy":0.3535943013584747,"_wandb":{"runtime":71},"_timestamp":1.7335908976658652e+09,"train_loss":0.0012608880875632166,"val_loss":0.0016670879849698395,"_step":13,"test_accuracy":0.4652472138404846,"val_accuracy":0.4465332627296448,"test_loss":0.001811626338167116,"train_accuracy":0.4292095899581909,"_runtime":65.8881332,"real_world_test_loss":0.0033682665089145303}