{"real_world_test_loss":0.0028973119540034436,"test_accuracy":0.08659374713897705,"val_accuracy":0.07944583892822266,"_step":47,"_runtime":227.698738,"train_accuracy":0.07998156547546387,"test_loss":0.0011675821151584387,"real_world_test_accuracy":0.0524139404296875,"_wandb":{"runtime":227},"_timestamp":1.7335714327549682e+09,"train_loss":0.0011594841373153031,"val_loss":0.0013642623089253902}