{"train_accuracy":0.0850455604493618,"real_world_test_accuracy":0.05345011998286478,"train_loss":0.0023309466196224093,"val_loss":0.0025733173824846745,"test_accuracy":0.08175545930862427,"_timestamp":1.7335898470298245e+09,"_runtime":173.4269045,"_step":35,"real_world_test_loss":0.005556818292901218,"val_accuracy":0.08643174171447754,"test_loss":0.002296658291015774,"_wandb":{"runtime":179}}