{"_step":77,"train_loss":0.0008341082371771336,"_wandb":{"runtime":384},"train_accuracy":0.056462375819683074,"val_loss":0.0009389752085553482,"val_accuracy":0.34435123205184937,"_timestamp":1.7335947198604233e+09,"_runtime":382.5786447}