{"real_world_test_accuracy":0.04311969289106064,"_step":8,"train_accuracy":0.07331209182739258,"_wandb":{"runtime":42},"val_loss":0.0023191171349026263,"_timestamp":1.7335582218250337e+09,"train_loss":0.0015032026218250393,"_runtime":42.4399196,"val_accuracy":0.07738000154495239,"test_loss":0.0024373216438107193,"test_accuracy":0.08559077978134155,"real_world_test_loss":0.004257305991986497}