{"relative_val_accuracy":0.01023625494226029,"real_world_rel_test_accuracy":0.0072968777227579,"absolute_val_accuracy":0.4934655082853217,"_step":94,"test_rel_accuracy":0.0072968777227579,"test_abs_accuracy":0.49439970756831925,"_wandb":{"runtime":707},"real_world_abs_test_accuracy":0.3783733268652707,"_runtime":707.6759551,"real_world_test_loss":0.0017227183518495038,"relative_train_accuracy":0.010730576096919546,"test_loss":0.0007485725800506771,"absolute_train_accuracy":0.49098198873954907,"_timestamp":1.7336123133347602e+09,"train_loss":0.0007047964272236353,"val_loss":0.0007286283699182892}