{"train_loss":0.0008788314456229701,"real_world_abs_test_accuracy":0.3563448540783283,"real_world_rel_test_accuracy":0.007579307130721422,"test_abs_accuracy":0.4392636775970459,"test_rel_accuracy":0.007579307130721422,"test_loss":0.0007545516244135797,"absolute_val_accuracy":0.4422403037548065,"_runtime":605.1789772,"absolute_train_accuracy":0.45424430335269256,"val_loss":0.0007389148115180433,"real_world_absolute_val_accuracy":0.3625422481267426,"_timestamp":1.733614810810127e+09,"real_world_relative_val_accuracy":0.008073204068889405,"real_world_val_loss":0.0016491893184679425,"_wandb":{"runtime":605},"real_world_test_loss":0.0016632988631550471,"relative_train_accuracy":0.009586012604482034,"relative_val_accuracy":0.010744042880833148,"_step":108}