{"_step":27,"_timestamp":1.7335891933411813e+09,"real_world_test_accuracy":0.3117138603806052,"train_loss":0.00103458847642239,"test_accuracy":0.4279368473933293,"_wandb":{"runtime":147},"real_world_test_loss":0.0024574892555379057,"test_loss":0.0010762032246790254,"_runtime":140.8981665,"train_accuracy":0.4217795321815892,"val_accuracy":0.44089405353252703,"val_loss":0.0009932797267818106}