{"val_accuracy":0.5336369734544021,"_runtime":414.9680697,"val_loss":0.0008871097234077752,"test_loss":0.0008536033699503884,"_timestamp":1.7335387862051897e+09,"_step":81,"train_loss":0.0007816781121379647,"train_accuracy":0.5357405010022616,"real_world_test_loss":0.0031798300966248264,"_wandb":{"runtime":417}}