{"train_accuracy":0.33022810283460113,"real_world_test_loss":0.004537608217210838,"real_world_test_accuracy":0.08619990579257668,"test_accuracy":0.11213515355036809,"val_accuracy":0.11617616506723258,"_wandb":{"runtime":82},"train_loss":0.001386152255642963,"val_loss":0.002423997466953901,"_timestamp":1.7335930833274558e+09,"_step":16,"_runtime":82.2691697,"test_loss":0.0025972077049888098}