{"_timestamp":1.733535195085553e+09,"_wandb":{"runtime":173},"_runtime":171.2470071,"real_world_test_loss":0.0028218505405310235,"test_loss":0.0016288821710846745,"val_loss":0.0016882251231716229,"_step":15,"train_accuracy":0.9303212667766371,"train_loss":0.0017751870879070147,"val_accuracy":0.9280441724337064}