{"val_loss":0.001170958741568029,"_timestamp":1.7335749196769414e+09,"real_world_test_loss":0.003790527733205558,"test_accuracy":0.09904736280441284,"real_world_test_accuracy":0.08864902652329229,"test_loss":0.001140998472692445,"_runtime":161.2181113,"train_loss":0.0009217328217346222,"val_accuracy":0.09487998485565186,"_step":33,"train_accuracy":0.10385279655456543,"_wandb":{"runtime":161}}