{"_timestamp":1.7335376754279244e+09,"train_loss":0.0008418675486035155,"train_accuracy":0.5138228817989952,"_step":46,"val_loss":0.0008087443286338105,"_wandb":{"runtime":270},"test_loss":0.0008377089621857381,"real_world_test_loss":0.0028355091944493554,"val_accuracy":0.5282311806311975,"_runtime":267.7205195}