{"real_world_test_loss":0.004117761200556158,"real_world_test_accuracy":0.3073121251669958,"train_accuracy":0.24437164005480314,"val_accuracy":0.4437336554894081,"_runtime":87.8266402,"test_accuracy":0.43590457622821516,"train_loss":0.0016322315878872025,"_step":17,"val_loss":0.0013801846563672791,"_timestamp":1.7335567858092961e+09,"_wandb":{"runtime":87},"test_loss":0.0014581755430509264}