{"real_world_test_loss":0.0035070852159269734,"train_accuracy":0.31764538288116456,"_runtime":122.8916546,"real_world_test_accuracy":0.18840554389811803,"_timestamp":1.7335588802150724e+09,"test_accuracy":0.262658953666687,"_step":25,"test_loss":0.0010546397243160754,"val_loss":0.0010153908660868183,"_wandb":{"runtime":122},"val_accuracy":0.2516534924507141,"train_loss":0.0009925136400852352}