{"relative_train_accuracy":0.009121844643040708,"real_world_rel_test_accuracy":0.005600712999535316,"_timestamp":1.733600130875602e+09,"real_world_abs_test_accuracy":0.2980779484745295,"relative_val_accuracy":0.009362220764160156,"absolute_train_accuracy":0.4302163626018323,"_runtime":165.4102462,"test_rel_accuracy":0.005600712999535316,"val_loss":0.0009681263249009275,"train_loss":0.000993454827326595,"real_world_test_loss":0.002951734808258899,"_wandb":{"runtime":165},"_step":32,"test_abs_accuracy":0.42984302227313703,"absolute_val_accuracy":0.4283594718346229,"test_loss":0.000986952379417534}