{"_runtime":486.4487823,"_timestamp":1.7335869336776586e+09,"test_accuracy":0.05159962177276611,"real_world_test_accuracy":0.026983665267774164,"_wandb":{"runtime":486},"_step":100,"train_accuracy":0.059842237085103986,"val_loss":0.002737094822805375,"val_accuracy":0.05428367853164673,"train_loss":0.0025131345726549627,"real_world_test_loss":0.0057455862410968955,"test_loss":0.0026854187017306685}