{"real_world_test_accuracy":0.037530438164352926,"test_loss":0.0016179860103875399,"val_accuracy":0.06489574909210205,"test_accuracy":0.06241405010223389,"train_loss":0.0013664264348335563,"_wandb":{"runtime":180},"real_world_test_loss":0.004620539812980476,"_timestamp":1.7335692264263377e+09,"_step":37,"_runtime":180.2324498,"train_accuracy":0.07338052615523338,"val_loss":0.0017870844167191535}