{"val_accuracy":0.3607998490333557,"train_loss":0.0012688839575275778,"test_accuracy":0.3682935833930969,"val_loss":0.0016459328180644661,"real_world_test_accuracy":0.27525437365677274,"_step":19,"real_world_test_loss":0.0031883776052439496,"_wandb":{"runtime":94},"_runtime":94.188701,"train_accuracy":0.36942778527736664,"_timestamp":1.73356426379376e+09,"test_loss":0.0015806067967787385}