{"test_loss":0.032249078154563904,"real_world_test_accuracy":0.0033232961888650095,"train_loss":0.03135045189410448,"_timestamp":1.7335757140142782e+09,"val_loss":0.03205467900261283,"_runtime":481.4994241,"train_accuracy":0.0014193137641996146,"_wandb":{"runtime":481},"test_accuracy":0.001814723014831543,"val_accuracy":0.0007112026214599609,"real_world_test_loss":0.04222327092710924,"_step":100}