{"test_accuracy":0.08021241426467896,"train_accuracy":0.0825317308306694,"val_accuracy":0.08657044172286987,"_wandb":{"runtime":256},"val_loss":0.0012413790391292423,"_runtime":256.6083553,"real_world_test_loss":0.0026427698192891206,"_timestamp":1.7335698539850652e+09,"_step":53,"train_loss":0.0011486697709187864,"real_world_test_accuracy":0.05846691486117565,"test_loss":0.0013216532825026661}