{"train_loss":0.001430268120020628,"test_loss":0.0021720663062296808,"_timestamp":1.733562021999987e+09,"_runtime":89.401938,"real_world_test_loss":0.004313929783064373,"val_loss":0.0022083676885813475,"val_accuracy":0.4170733094215393,"train_accuracy":0.3745077311992645,"_step":18,"_wandb":{"runtime":89},"test_accuracy":0.39470356702804565,"real_world_test_accuracy":0.29666426988339334}