{"_step":11,"real_world_test_loss":0.05383269961743328,"real_world_test_accuracy":0.06074302701701905,"test_loss":0.0371744641317771,"train_loss":0.019592740229870145,"_timestamp":1.7335546480876553e+09,"val_loss":0.03480985617408386,"train_accuracy":0.1022519312406841,"test_accuracy":0.0600432616013747,"val_accuracy":0.06382986215444711,"_wandb":{"runtime":58},"_runtime":58.1505323}