{"real_world_test_accuracy":0.058918155258916124,"train_loss":0.000938165042316541,"_runtime":400.0928132,"_step":83,"test_loss":0.000996883783955127,"val_accuracy":0.09082520008087158,"_wandb":{"runtime":400},"val_loss":0.0010097261983901262,"_timestamp":1.7335679519032702e+09,"real_world_test_loss":0.003055806736203021,"test_accuracy":0.09240525960922241,"train_accuracy":0.09451857432723046}