{"train_accuracy":0.32996867832384613,"_step":10,"train_loss":0.0014703363841889721,"_wandb":{"runtime":54},"test_accuracy":0.30556576068584734,"val_loss":0.0017783090364761078,"real_world_test_loss":0.0034170009703877414,"real_world_test_accuracy":0.23440319188908573,"test_loss":0.0018384441500529647,"_timestamp":1.7335573067398512e+09,"val_accuracy":0.3153685056246244,"_runtime":54.1685262}