{"_wandb":{"runtime":487},"_step":100,"val_loss":0.0012709128786809742,"_timestamp":1.7335662478820457e+09,"val_accuracy":0.08395177125930786,"real_world_test_loss":0.003114499179836792,"_runtime":487.9525567,"train_accuracy":0.0836416482925415,"test_accuracy":0.08243799209594727,"real_world_test_accuracy":0.043639966546381276,"test_loss":0.001286052167415619,"train_loss":0.0012020308873616158}