{"test_accuracy":0.07271325588226318,"real_world_test_loss":0.003466347977583951,"_timestamp":1.733558046406732e+09,"test_loss":0.0015962457400746644,"val_loss":0.0017093272763304412,"train_accuracy":0.08372783660888672,"real_world_test_accuracy":0.04893130617957133,"_step":12,"val_accuracy":0.06787484884262085,"_runtime":64.499603,"train_loss":0.0013067379128187894,"_wandb":{"runtime":64}}