{"train_loss":0.0007748060103040189,"train_accuracy":0.10855779647827149,"val_accuracy":0.08483147621154785,"_step":89,"test_accuracy":0.10208958387374878,"real_world_test_accuracy":0.05740606031453299,"_wandb":{"runtime":430},"real_world_test_loss":0.002560178946498539,"val_loss":0.0009498294384684414,"test_loss":0.0007821026956662536,"_timestamp":1.7335690446197717e+09,"_runtime":430.4297266}