{"real_world_test_accuracy":0.004315174202050418,"test_loss":0.001286794686725793,"val_accuracy":0.00560914553128756,"_step":15,"real_world_test_loss":0.0027141730355394857,"test_accuracy":0.005208235520582933,"train_accuracy":0.006269003215589021,"train_loss":0.001210645910376977,"_wandb":{"runtime":107},"_runtime":101.3268607,"val_loss":0.0011583471339410888,"_timestamp":1.7335952241083996e+09}