{"_wandb":{"runtime":88},"val_accuracy":0.317839842576247,"_runtime":82.9666458,"test_loss":0.0013893547629077847,"val_loss":0.001408447941335348,"_timestamp":1.7335908240446749e+09,"train_loss":0.0013887172665961675,"train_accuracy":0.2873305772480212,"test_accuracy":0.33446840139535755,"_step":16,"real_world_test_accuracy":0.23801595127715497,"real_world_test_loss":0.003518949477235721}