{"train_loss":0.005266331043094397,"train_accuracy":0.040436426922678945,"real_world_test_loss":0.007966668407353106,"_timestamp":1.7335859574664888e+09,"_runtime":487.4791528,"test_loss":0.005132195306941867,"test_accuracy":0.04386812448501587,"_wandb":{"runtime":487},"val_loss":0.005516608478501439,"real_world_test_accuracy":0.023349974678351534,"val_accuracy":0.03476512432098389,"_step":100}