{"train_accuracy":0.37144835889339445,"test_loss":0.0013181683025322855,"val_accuracy":0.377996027469635,"real_world_test_accuracy":0.27349558550185876,"train_loss":0.0013672612607479096,"real_world_test_loss":0.003893459855719923,"_timestamp":1.7335630864308333e+09,"_step":22,"_runtime":108.7514217,"_wandb":{"runtime":108},"test_accuracy":0.3670201897621155,"val_loss":0.0014059025852475315}