{"test_accuracy":0.44075292348861694,"val_accuracy":0.43168550729751587,"train_loss":0.0007911307970061898,"test_loss":0.0007977237110026181,"val_loss":0.0008647637587273493,"_step":54,"real_world_test_loss":0.0024918017958266638,"train_accuracy":0.43758874833583833,"_wandb":{"runtime":261},"_runtime":261.7237101,"real_world_test_accuracy":0.3198205316820109,"_timestamp":1.73355988818474e+09}