{"_wandb":{"runtime":114},"train_accuracy":0.0589383275885331,"val_accuracy":0.04780263167161208,"_runtime":114.2069967,"_timestamp":1.733555783403144e+09,"_step":22,"test_loss":0.017880457668350294,"train_loss":0.003099080797064265,"val_loss":0.017703409521625593,"real_world_test_loss":0.017190377889235667,"test_accuracy":0.03838157653808594,"real_world_test_accuracy":0.02436930716702486}