{"val_loss":0.0008711767333902811,"test_rel_accuracy":0.007299940825394981,"real_world_rel_test_accuracy":0.007299940825394981,"absolute_train_accuracy":0.46012162325675027,"real_world_abs_test_accuracy":0.3627722077210153,"relative_val_accuracy":0.00881169971666838,"_runtime":394.283113,"_timestamp":1.73361122661583e+09,"test_loss":0.000837790822659276,"_step":50,"_wandb":{"runtime":394},"real_world_test_loss":0.0017073424277133846,"relative_train_accuracy":0.009388940376147889,"test_abs_accuracy":0.4540812843724301,"absolute_val_accuracy":0.45401685331997116,"train_loss":0.0008849421303653926}