{"_timestamp":1.7335345417249177e+09,"real_world_test_loss":0.002315563096194857,"_step":19,"train_accuracy":988651.1315789474,"_runtime":187.3630781,"train_loss":0.001195413924410547,"val_loss":0.0011366666876710951,"test_loss":0.0010855699387880473,"val_accuracy":0.013532656889695387,"_wandb":{"runtime":189}}