{"_timestamp":1.7335602053223274e+09,"test_accuracy":0.4313671588897705,"test_loss":0.0008110228227451444,"_wandb":{"runtime":315},"_runtime":315.5995836,"_step":65,"val_loss":0.0007701543217990547,"val_accuracy":0.4322417974472046,"real_world_test_loss":0.002229129685511809,"real_world_test_accuracy":0.3236615489406657,"train_accuracy":0.445511120557785,"train_loss":0.0007855209230910986}