{"_wandb":{"runtime":487},"_step":100,"test_accuracy":0.02740168571472168,"real_world_test_loss":0.014053828934671489,"train_accuracy":0.024681313894689083,"val_loss":0.009780276799574494,"val_accuracy":0.026024162769317627,"real_world_test_accuracy":0.017684766351068772,"_timestamp":1.7335830249362519e+09,"_runtime":487.6013319,"test_loss":0.009807115187868476,"train_loss":0.010013809986412525}