{"_wandb":{"runtime":348},"real_world_abs_test_accuracy":0.34458219960719677,"real_world_rel_test_accuracy":0.007062607095144052,"test_abs_accuracy":0.4709011224599985,"_timestamp":1.7336009695225973e+09,"real_world_test_loss":0.002529059263027609,"test_rel_accuracy":0.007062607095144052,"train_loss":0.0005799134784243314,"absolute_train_accuracy":0.5013162462334884,"val_loss":0.0007803187495133338,"_runtime":348.6529872,"test_loss":0.0008439663439415968,"relative_val_accuracy":0.009681921738844652,"_step":68,"absolute_val_accuracy":0.4715529221754808,"relative_train_accuracy":0.013448338759572883}