{"real_world_test_accuracy":0.004059688752468634,"train_accuracy":0.006436649989336729,"val_loss":0.001722216693451628,"val_accuracy":0.0055291056632995605,"real_world_test_loss":0.0032943655885184758,"_timestamp":1.7335957465470154e+09,"train_loss":0.0011649270891211927,"test_loss":0.001378703338559717,"_wandb":{"runtime":175},"_step":26,"test_accuracy":0.00680851936340332,"_runtime":169.1569455}