{"test_accuracy":0.08413997063269982,"_runtime":124.4846853,"_wandb":{"runtime":124},"_step":24,"val_loss":0.0011563750270467538,"_timestamp":1.7335545883491035e+09,"train_accuracy":0.09018749939767938,"real_world_test_accuracy":0.053288683129065983,"val_accuracy":0.08870814396784855,"real_world_test_loss":0.003364294874598705,"test_loss":0.0011898672584301005,"train_loss":0.0011576054538109976}