{"_step":100,"test_loss":0.01458886731415987,"val_loss":0.014627245720475912,"train_accuracy":0.006785567663609981,"real_world_test_loss":0.019788642905541734,"test_accuracy":0.00896686315536499,"real_world_test_accuracy":0.00833124210400209,"_wandb":{"runtime":482},"val_accuracy":0.008579790592193604,"_timestamp":1.7335781339267917e+09,"train_loss":0.014326499495655298,"_runtime":482.1090717}