{"test_loss":0.0017333711640766035,"val_loss":0.0016581172374292063,"test_accuracy":0.42559051513671875,"val_accuracy":0.42486308171198917,"_timestamp":1.7335910524572833e+09,"real_world_test_loss":0.00513719599687522,"_step":29,"real_world_test_accuracy":0.31672509629487106,"train_accuracy":0.4185930051301655,"_runtime":147.1447652,"train_loss":0.0017146381218672584,"_wandb":{"runtime":152}}