{"_runtime":483.0797492,"real_world_test_loss":0.03277958567396194,"test_accuracy":0.0023871660232543945,"_wandb":{"runtime":483},"train_accuracy":0.0021288474556058644,"train_loss":0.0263620488345623,"test_loss":0.02652774704620242,"real_world_test_accuracy":0.004030986346276719,"_timestamp":1.7335776502740982e+09,"val_accuracy":0.0019080638885498047,"val_loss":0.026420865207910538,"_step":100}