{"real_world_test_loss":0.004571491822108737,"val_accuracy":0.22095856299767128,"_timestamp":1.7335549171214569e+09,"test_accuracy":0.22638152195857122,"_runtime":216.6374568,"val_loss":0.00141219964895684,"real_world_test_accuracy":0.1811795713289963,"_wandb":{"runtime":216},"_step":42,"test_loss":0.0013697842279305826,"train_loss":0.0014256865849203773,"train_accuracy":0.22018525474949888}