{"train_loss":0.06730557674247968,"val_accuracy":0.12540391775277945,"real_world_test_accuracy":0.11000577224674721,"test_accuracy":0.1263124025785006,"train_accuracy":0.10714370325991981,"test_loss":0.06806676892133859,"_wandb":{"runtime":53},"_step":10,"_runtime":53.1465437,"real_world_test_loss":0.055701265630890444,"val_loss":0.06827479027784787,"_timestamp":1.7335554216946738e+09}