{"real_world_test_loss":0.0021466811470597373,"train_accuracy":0.11498920917510987,"val_accuracy":0.1259743571281433,"_runtime":151.5631387,"train_loss":0.0010733390459790825,"_step":31,"val_loss":0.0009836310346145183,"test_accuracy":0.12125945091247559,"_wandb":{"runtime":151},"_timestamp":1.7335750728032207e+09,"real_world_test_accuracy":0.1216920193243204,"test_loss":0.0009958664595615119}