{"train_loss":0.0011850965209305286,"_wandb":{"runtime":118},"_runtime":118.6841786,"train_accuracy":0.3498539924621582,"test_loss":0.001202711893711239,"real_world_test_accuracy":0.24409757139071211,"_step":24,"val_loss":0.0012304788397159427,"_timestamp":1.7335617391965427e+09,"val_accuracy":0.3292396664619446,"test_accuracy":0.3384894132614136,"real_world_test_loss":0.00319351177432377}