{"_timestamp":1.7335569730915549e+09,"real_world_test_loss":0.002881809529202703,"_runtime":115.0754136,"_wandb":{"runtime":115},"val_accuracy":0.23090325869046724,"train_loss":0.0014679003384356435,"test_accuracy":0.23665765615609977,"val_loss":0.0016183898282738833,"train_accuracy":0.34131275980096115,"real_world_test_accuracy":0.1955243078749419,"_step":22,"test_loss":0.0015235677128657699}