{"val_accuracy":0.4306313395500183,"train_loss":0.0007719115645159035,"_timestamp":1.733558755732725e+09,"real_world_test_loss":0.0021302417357976734,"val_loss":0.0009570882102707401,"_runtime":244.0233741,"_step":50,"_wandb":{"runtime":244},"train_accuracy":0.43980461955070493,"real_world_test_accuracy":0.32793593849834457,"test_loss":0.0008262319315690547,"test_accuracy":0.4347609877586365}