{"train_loss":0.0016722915614464956,"_timestamp":1.7335455007892787e+09,"_wandb":{"runtime":215},"real_world_test_accuracy":0.2844035208889986,"_step":42,"val_loss":0.001979408678240501,"test_loss":0.002092432938157939,"real_world_test_loss":0.007047985712859129,"train_accuracy":0.3603230777539705,"test_accuracy":0.3808952478262094,"_runtime":212.4417888,"val_accuracy":0.38429656395545375}