{"_timestamp":1.7335592022211525e+09,"_wandb":{"runtime":209},"_step":43,"val_accuracy":0.37595778703689575,"train_loss":0.0009673479537013919,"train_accuracy":0.33382581174373627,"test_loss":0.001037782960338518,"real_world_test_loss":0.002337272109751171,"real_world_test_accuracy":0.3003862799321852,"_runtime":209.5582824,"test_accuracy":0.37389856576919556,"val_loss":0.0011537651589605957}