{"test_accuracy":0.4736788823054387,"_wandb":{"runtime":378},"_runtime":376.1162089,"val_accuracy":0.48211097717285156,"train_loss":0.0007107298619015829,"_timestamp":1.7335495645137718e+09,"train_accuracy":0.46603649540951375,"val_loss":0.0007237362218662524,"test_loss":0.0007539021272140627,"real_world_test_loss":0.002209190828647797,"_step":74,"real_world_test_accuracy":0.35225374016176814}