{"relative_train_accuracy":0.0056847333908081055,"_wandb":{"runtime":203},"val_loss":0.0014503922138828784,"absolute_val_accuracy":0.08470654487609863,"real_world_test_loss":0.0030813663900391888,"real_world_abs_test_accuracy":0.060805423552218865,"train_loss":0.0014345618314109744,"_step":36,"test_abs_accuracy":0.06791126728057861,"test_loss":0.0015625609084963799,"_timestamp":1.7335992192108176e+09,"absolute_train_accuracy":0.07455764636397362,"relative_val_accuracy":0.006751000881195068,"real_world_rel_test_accuracy":0.004395325387720725,"_runtime":196.8921908,"test_rel_accuracy":0.004395325387720725}