{"relative_val_accuracy":0.006775782658503606,"val_loss":0.0015992640893763076,"real_world_rel_test_accuracy":0.005375461507463987,"_wandb":{"runtime":72},"absolute_val_accuracy":0.3567829865675706,"real_world_test_loss":0.00521063488368447,"_step":14,"relative_train_accuracy":0.006567879727012233,"train_loss":0.0013892383155363955,"test_rel_accuracy":0.005375461507463987,"absolute_train_accuracy":0.3217678321035285,"_timestamp":1.7336002054294522e+09,"real_world_abs_test_accuracy":0.26288357986393474,"test_abs_accuracy":0.348967038668119,"_runtime":72.7495652,"test_loss":0.0015158168792438048}