{"_wandb":{"runtime":116},"val_loss":0.0009579568017775622,"_step":22,"test_loss":0.0009279351305359831,"train_accuracy":0.16493450967889084,"val_accuracy":0.10701164832481971,"_timestamp":1.733544985974559e+09,"real_world_test_loss":0.0025750509259632017,"test_accuracy":0.1104439955491286,"_runtime":113.5270401,"real_world_test_accuracy":0.07682641465424606,"train_loss":0.0010098936633623548}