{"_step":29,"_runtime":141.9807386,"real_world_test_loss":0.002707271388563982,"test_accuracy":0.4140818119049072,"train_accuracy":0.4045202910900116,"val_loss":0.0012006793695036322,"_wandb":{"runtime":141},"test_loss":0.0010494623275008053,"real_world_test_accuracy":0.30980792985086547,"_timestamp":1.7335621655105653e+09,"train_loss":0.001126238243887201,"val_accuracy":0.429340124130249}