{"val_accuracy":0.33816367387771606,"train_loss":0.0013820018619298935,"_step":21,"val_loss":0.0015210385608952492,"real_world_test_loss":0.003822837467651579,"train_accuracy":0.3864719569683075,"test_accuracy":0.3342640995979309,"_wandb":{"runtime":103},"_timestamp":1.733563406603897e+09,"_runtime":103.588866,"test_loss":0.0015313780750147998,"real_world_test_accuracy":0.24625138633756388}