{"_step":100,"val_loss":0.004233362036757171,"_wandb":{"runtime":487},"train_accuracy":0.04831485748291016,"real_world_test_accuracy":0.030773630815810873,"val_accuracy":0.04455995559692383,"_runtime":487.746937,"train_loss":0.0041349048260599375,"test_accuracy":0.04480797052383423,"real_world_test_loss":0.008211479280801787,"_timestamp":1.733587423001442e+09,"test_loss":0.004070506431162357}