{"val_loss":0.0016707190796016501,"_step":16,"real_world_test_accuracy":0.27837556179571327,"_timestamp":1.733556170325311e+09,"real_world_test_loss":0.0027529472375044522,"val_accuracy":0.3607023679293119,"test_accuracy":0.36621790665846604,"_wandb":{"runtime":83},"train_accuracy":0.3021798635783948,"test_loss":0.00161204043811617,"train_loss":0.0015582552786279273,"_runtime":83.9951201}