{"test_abs_accuracy":0.46910371278461654,"absolute_val_accuracy":0.47975915042977585,"_runtime":749.5835691,"train_loss":0.0006697912615715738,"test_rel_accuracy":0.00738417614791473,"absolute_train_accuracy":0.4943671979402241,"relative_train_accuracy":0.011111108880293997,"_timestamp":1.7336130644710782e+09,"real_world_rel_test_accuracy":0.00738417614791473,"relative_val_accuracy":0.009733149879857114,"_step":100,"val_loss":0.0007550296263377133,"real_world_abs_test_accuracy":0.36163369785011035,"test_loss":0.0008202276933987282,"_wandb":{"runtime":749},"real_world_test_loss":0.0019205044358332562}