{"absolute_train_accuracy":0.2492249137476871,"_step":15,"_runtime":102.1387357,"_timestamp":1.7335986682905157e+09,"test_loss":0.0015270470623643352,"real_world_rel_test_accuracy":0.003326529463870818,"relative_val_accuracy":0.004754359905536358,"train_loss":0.001422044407502797,"val_loss":0.001689901127694891,"relative_train_accuracy":0.005339848367791427,"test_abs_accuracy":0.32921262887807995,"absolute_val_accuracy":0.33193133427546573,"real_world_abs_test_accuracy":0.20906265428961432,"test_rel_accuracy":0.003326529463870818,"real_world_test_loss":0.003858925917940595,"_wandb":{"runtime":108}}