{"real_world_test_loss":0.004487462454522201,"_runtime":114.6110305,"_timestamp":1.733591796688662e+09,"_wandb":{"runtime":120},"train_loss":0.0011383451453998294,"test_loss":0.001107947117326638,"real_world_test_accuracy":0.2631568766881099,"val_accuracy":0.38548044057992786,"train_accuracy":0.4028397108379163,"test_accuracy":0.37833749330960786,"_step":22,"val_loss":0.0011424116539553953}