{"real_world_rel_test_accuracy":0.0055117695748141265,"test_rel_accuracy":0.0055117695748141265,"test_loss":0.0011106028396170586,"test_abs_accuracy":0.09677553176879883,"relative_train_accuracy":0.007421747874468565,"absolute_val_accuracy":0.09818726778030396,"_runtime":306.8002385,"real_world_test_loss":0.002653371343076693,"train_loss":0.0009575509408023209,"_wandb":{"runtime":312},"val_loss":0.001073414459824562,"absolute_train_accuracy":0.12696853503584862,"_step":48,"relative_val_accuracy":0.00807720422744751,"_timestamp":1.7335985585672693e+09,"real_world_abs_test_accuracy":0.09420044626001975}