{"_timestamp":1.7335736272449598e+09,"_runtime":175.6327288,"real_world_test_accuracy":0.04309705996601998,"_step":36,"test_loss":0.0013949586427770555,"real_world_test_loss":0.003391481456467986,"val_accuracy":0.06937271356582642,"train_loss":0.0012196238269098103,"_wandb":{"runtime":175},"val_loss":0.001406850089551881,"train_accuracy":0.07667615413665771,"test_accuracy":0.06814157962799072}