{"_wandb":{"runtime":139},"_runtime":133.9159109,"train_accuracy":0.42856617977744654,"test_loss":0.0017173019990038413,"val_accuracy":0.4064503449660081,"real_world_test_loss":0.005431813460650948,"test_accuracy":0.4342819360586313,"real_world_test_accuracy":0.3018885616033051,"train_loss":0.001669422478268021,"_timestamp":1.7335903271091537e+09,"_step":26,"val_loss":0.001776461202937823}