{"_runtime":64.6595545,"test_rel_accuracy":0.002862809759090381,"_step":11,"train_loss":0.0014313364579146238,"relative_train_accuracy":0.005295477415385999,"_wandb":{"runtime":64},"real_world_abs_test_accuracy":0.2861881752439591,"val_loss":0.0026119724095154265,"absolute_train_accuracy":0.34410275911030014,"real_world_test_loss":0.004595835644926626,"test_loss":0.002592528149342308,"test_abs_accuracy":0.3946574284480168,"_timestamp":1.7336011253400886e+09,"relative_val_accuracy":0.005473210261418269,"absolute_val_accuracy":0.3979359406691331,"real_world_rel_test_accuracy":0.002862809759090381}