{"val_accuracy":0.11723357439041138,"_timestamp":1.733570356519751e+09,"train_accuracy":0.15602773874998094,"_step":74,"_wandb":{"runtime":357},"_runtime":357.5160339,"real_world_test_loss":0.0023634517898603056,"train_loss":0.0007551168557256461,"val_loss":0.0008584398165112361,"test_accuracy":0.11815309524536133,"test_loss":0.0008002925605978817,"real_world_test_accuracy":0.07543848881491055}