{"train_accuracy":0.40664573609828947,"_step":11,"train_loss":0.0014546537888236344,"val_loss":0.001715194433927536,"_wandb":{"runtime":55},"test_accuracy":0.39527374505996704,"val_accuracy":0.40110909938812256,"_runtime":55.9430314,"real_world_test_loss":0.0039973876419127485,"_timestamp":1.7335641680169125e+09,"test_loss":0.0018158739258069545,"real_world_test_accuracy":0.28634870451179134}