{"val_loss":0.0013900921330787241,"_runtime":175.4824956,"real_world_test_loss":0.003482644449656338,"_timestamp":1.733569595851399e+09,"_step":36,"train_accuracy":0.0888864204287529,"test_accuracy":0.0698009729385376,"_wandb":{"runtime":175},"val_accuracy":0.06574636697769165,"train_loss":0.0010286539793014527,"test_loss":0.0012959107989445329,"real_world_test_accuracy":0.038915981590526255}