{"val_accuracy":0.4067856715275691,"test_loss":0.0012715711580732693,"test_accuracy":0.4051610506497897,"train_loss":0.0010851168343307155,"_step":18,"train_accuracy":0.3563634721856368,"real_world_test_accuracy":0.29081958643122674,"real_world_test_loss":0.0031637972508354604,"_wandb":{"runtime":100},"_timestamp":1.7335900860260427e+09,"_runtime":94.4717545,"val_loss":0.001172729364882868}