{"train_accuracy":0.25184452376867594,"_runtime":165.403712,"test_accuracy":0.1988398688180106,"real_world_test_accuracy":0.19816305734854206,"_step":65,"_wandb":{"runtime":167},"val_accuracy":0.208627564566476,"_timestamp":1.733545284639447e+09,"val_loss":0.0016187959616737707,"test_loss":0.0016557750391906925,"train_loss":0.00142999625103058,"real_world_test_loss":0.005053638312039502}