{"real_world_test_accuracy":0.060193994231383594,"val_accuracy":0.08347725868225098,"train_loss":0.0010358202387578785,"_step":47,"real_world_test_loss":0.002523876425202548,"test_loss":0.0013846786168869585,"val_loss":0.0012388096365612,"_runtime":228.8917188,"_wandb":{"runtime":228},"test_accuracy":0.08619946241378784,"train_accuracy":0.09239556044340133,"_timestamp":1.7335739964950829e+09}