{"train_loss":0.0013782904762161994,"train_accuracy":0.5236732583296927,"val_loss":0.0020254133000540044,"real_world_test_loss":0.005638832866950359,"_runtime":225.1504692,"_timestamp":1.7335379048027964e+09,"test_loss":0.0020275142384119905,"_step":39,"_wandb":{"runtime":227},"val_accuracy":0.4879707189706656}