{"_runtime":212.3972954,"relative_val_accuracy":0.006333053112030029,"_timestamp":1.7335995225554776e+09,"_wandb":{"runtime":218},"_step":39,"test_abs_accuracy":0.10780853033065796,"real_world_abs_test_accuracy":0.09450562204126975,"real_world_rel_test_accuracy":0.005892218267164266,"real_world_test_loss":0.002581676016224126,"val_loss":0.001260307151824236,"relative_train_accuracy":0.007595864962786436,"train_loss":0.001060640875948593,"test_rel_accuracy":0.005892218267164266,"absolute_train_accuracy":0.10034542083740235,"absolute_val_accuracy":0.10658782720565796,"test_loss":0.001113865408115089}