{"_wandb":{"runtime":98},"test_accuracy":0.15661370754241943,"val_accuracy":0.15676015615463257,"_step":18,"val_loss":0.0019678591343108565,"_timestamp":1.7335901855681891e+09,"train_accuracy":0.17132999151945114,"train_loss":0.0013995340093970298,"real_world_test_accuracy":0.15013167937892077,"_runtime":92.0023654,"test_loss":0.0019149972358718514,"real_world_test_loss":0.004610200700363954}