{"real_world_test_loss":0.002505645811770693,"_wandb":{"runtime":380},"val_loss":0.0012091993994545192,"train_accuracy":0.09335402697324753,"_timestamp":1.7335648855399003e+09,"test_loss":0.0012575579166878015,"real_world_test_accuracy":0.05216554549546933,"_runtime":380.6736574,"_step":79,"test_accuracy":0.08333796262741089,"val_accuracy":0.08005934953689575,"train_loss":0.001046815887093544}