{"_timestamp":1.7335894297596817e+09,"train_loss":0.0009076688380446285,"val_accuracy":0.15875709056854248,"_runtime":228.7613599,"_step":46,"test_accuracy":0.16146081686019897,"val_loss":0.00100270175607875,"real_world_test_loss":0.0027944455288963386,"_wandb":{"runtime":234},"test_loss":0.0009131181432167068,"train_accuracy":0.14392782896757125,"real_world_test_accuracy":0.12403319404914033}