{"_step":38,"train_accuracy":0.4009867191314697,"val_loss":0.0010985418921336532,"_timestamp":1.7335596248768635e+09,"real_world_test_loss":0.0027366275905603785,"_wandb":{"runtime":185},"train_loss":0.000983259652275592,"real_world_test_accuracy":0.2918200865110943,"test_loss":0.001172493735793978,"val_accuracy":0.36965662240982056,"_runtime":185.3297374,"test_accuracy":0.38654428720474243}