{"val_loss":0.0010009450925281271,"real_world_test_loss":0.002531836768369914,"_step":88,"train_loss":0.0008363947388716042,"_runtime":431.0515467,"test_loss":0.0009795992518775165,"train_accuracy":0.10768400877714157,"real_world_test_accuracy":0.053868687285809715,"_wandb":{"runtime":431},"val_accuracy":0.08649086952209473,"test_accuracy":0.08920454978942871,"_timestamp":1.7335657582935896e+09}