{"real_world_test_loss":0.0418189083014833,"test_accuracy":0.0008008480072021484,"_timestamp":1.7335786170478394e+09,"real_world_test_accuracy":0.003052438501974907,"val_loss":0.03417203389108181,"val_accuracy":0.0007749795913696289,"_step":100,"train_loss":0.03558448553085327,"_wandb":{"runtime":481},"_runtime":481.5400924,"test_loss":0.03408999368548393,"train_accuracy":0.0008781830547377467}