{"absolute_val_accuracy":0.4297152299147386,"real_world_test_loss":0.002282241335063809,"real_world_abs_test_accuracy":0.31703395914411014,"absolute_train_accuracy":0.4402061763562654,"_step":50,"val_loss":0.0007711783714162615,"_wandb":{"runtime":255},"test_loss":0.0007708846242167056,"test_rel_accuracy":0.006639048069383132,"relative_train_accuracy":0.01034990109895405,"_runtime":255.5616524,"relative_val_accuracy":0.009733640230618991,"_timestamp":1.7336018868622475e+09,"train_loss":0.0008145481406245381,"real_world_rel_test_accuracy":0.006639048069383132,"test_abs_accuracy":0.42628082862267125}