{"real_world_test_loss":0.05793852983804274,"val_accuracy":0.5064541743351862,"val_loss":0.06822756104744397,"train_loss":0.06977211066374653,"train_accuracy":0.5134896479154888,"_runtime":73.6735963,"_wandb":{"runtime":73},"real_world_test_accuracy":0.48750038572403576,"test_accuracy":0.5171398016122671,"_timestamp":1.7335554969116771e+09,"_step":14,"test_loss":0.06852649840024802}