{"_timestamp":1.7335619310426736e+09,"train_accuracy":0.3697852611541748,"_wandb":{"runtime":108},"val_loss":0.0013689046900253743,"_runtime":108.7616086,"real_world_test_accuracy":0.274686224841717,"val_accuracy":0.37682515382766724,"_step":22,"train_loss":0.0013398872688412666,"test_accuracy":0.36397743225097656,"test_loss":0.0014230376982595772,"real_world_test_loss":0.0033859880958648303}