{"test_loss":0.017212090870508782,"val_accuracy":0.33272215036245495,"_runtime":49.2123242,"_timestamp":1.733554698947354e+09,"test_accuracy":0.32892337212195766,"real_world_test_accuracy":0.28373315520446096,"val_loss":0.017018900897640448,"real_world_test_loss":0.02388838853437772,"_wandb":{"runtime":49},"train_accuracy":0.30061784543489156,"_step":9,"train_loss":0.0024239468866174944}