{"_step":18,"_timestamp":1.7335604926178212e+09,"val_loss":0.0014260628668125719,"test_accuracy":0.31720805168151855,"real_world_test_accuracy":0.2255605250929368,"test_loss":0.001183501270134002,"_wandb":{"runtime":89},"_runtime":89.4595021,"val_accuracy":0.3151000738143921,"real_world_test_loss":0.0033876314900121323,"train_accuracy":0.3205538123846054,"train_loss":0.0012343108421191574}