{"real_world_test_loss":0.002585355879121796,"_wandb":{"runtime":425},"train_loss":0.0008700470032636076,"test_accuracy":0.44424551725387573,"_runtime":425.5882942,"val_accuracy":0.44137120246887207,"_step":88,"train_accuracy":0.4409434080123901,"val_loss":0.0008909130847314373,"real_world_test_accuracy":0.32333606592341424,"test_loss":0.000900567029020749,"_timestamp":1.7335625926782544e+09}