{"train_loss":0.016506497723687636,"train_accuracy":0.0660097222579153,"val_loss":0.025214580389169548,"val_accuracy":0.05158079587496244,"_timestamp":1.7335558408919728e+09,"_runtime":55.9284818,"_wandb":{"runtime":60},"_step":10}