{"_step":23,"_runtime":125.7617758,"train_accuracy":-691308.8108552631,"val_loss":0.0011959778270325982,"val_accuracy":0.01194005746107835,"test_loss":0.001286573511046859,"_wandb":{"runtime":128},"_timestamp":1.7335336936362908e+09,"train_loss":0.0014043734684635542,"real_world_test_loss":0.0027999543782010273}