{"val_accuracy":0.25108637128557476,"test_accuracy":0.2405811037336077,"_runtime":198.5574678,"test_loss":0.0017455376884234802,"train_loss":0.001352632957461633,"val_loss":0.0015810976204063212,"_step":78,"real_world_test_loss":0.006514511939283585,"real_world_test_accuracy":0.18186457183724442,"_wandb":{"runtime":200},"_timestamp":1.7335466101148918e+09,"train_accuracy":0.30731591111735296}