{"val_loss":0.001097836348760341,"_step":31,"train_loss":0.0010143008181139042,"test_loss":0.0010886717521186387,"_runtime":154.7995298,"real_world_test_accuracy":0.32879593292576675,"val_accuracy":0.43731989179338726,"train_accuracy":0.426087338673441,"real_world_test_loss":0.002796730004098668,"_wandb":{"runtime":157},"test_accuracy":0.4459296635219029,"_timestamp":1.733550192254469e+09}