{"test_rel_accuracy":0.0051837906961547395,"real_world_rel_test_accuracy":0.0051837906961547395,"_runtime":130.3791909,"real_world_test_loss":0.0031464799031611793,"relative_val_accuracy":0.008779965914212741,"test_abs_accuracy":0.45473047403188854,"absolute_val_accuracy":0.4586627666766827,"real_world_abs_test_accuracy":0.33046106955375815,"_timestamp":1.7336014025685399e+09,"train_loss":0.0010577950191586034,"test_loss":0.0012955345714894624,"_wandb":{"runtime":130},"_step":25,"absolute_train_accuracy":0.4268217086791992,"val_loss":0.0013361688828668916,"relative_train_accuracy":0.008488128059788755}