{"val_loss":0.0009091720656635097,"test_loss":0.000902906131859009,"_wandb":{"runtime":200},"test_accuracy":0.4912856908944937,"real_world_test_loss":0.002326814591446216,"train_loss":0.0009305789840015534,"_runtime":197.3576501,"_step":38,"_timestamp":1.7335490132961445e+09,"val_accuracy":0.48892718095045823,"train_accuracy":0.4505195617675781,"real_world_test_accuracy":0.3707568654340439}