{"test_loss":0.0008803612033191782,"val_loss":0.0009219372788300881,"train_loss":0.0009938544857217685,"val_accuracy":0.36951409853421724,"_timestamp":1.7335579803449764e+09,"_step":41,"test_accuracy":0.365388430081881,"train_accuracy":0.36166778363679586,"_runtime":230.0697425,"real_world_test_accuracy":0.24002846643384063,"_wandb":{"runtime":230},"real_world_test_loss":0.00286622347535659}