{"test_loss":0.0015164525964512275,"real_world_test_loss":0.003492882951737475,"_wandb":{"runtime":81},"val_accuracy":0.015451522973867564,"_step":14,"train_loss":0.0015384931803533906,"_timestamp":1.7335327750625145e+09,"train_accuracy":0.04029317955045324,"_runtime":78.6029326,"val_loss":0.0016093791301290577}