{"_wandb":{"runtime":151},"_timestamp":1.733571203505958e+09,"train_accuracy":0.09073734283447266,"val_accuracy":0.0880395770072937,"test_accuracy":0.08411949872970581,"_runtime":151.4572252,"real_world_test_loss":0.002722707545241085,"real_world_test_accuracy":0.0519898708868204,"train_loss":0.0009850084723439067,"val_loss":0.0011523479770403355,"test_loss":0.00099167377629783,"_step":31}