{"absolute_val_accuracy":0.43541959615854114,"test_loss":0.0009489843863635682,"_wandb":{"runtime":130},"train_loss":0.001029490027576685,"_step":25,"real_world_abs_test_accuracy":0.30246487869205974,"real_world_rel_test_accuracy":0.00489756077195632,"_timestamp":1.7336015340932248e+09,"absolute_train_accuracy":0.43048783352500514,"real_world_test_loss":0.0036005224052558698,"test_rel_accuracy":0.00489756077195632,"_runtime":130.0087038,"test_abs_accuracy":0.4385185241699219,"val_loss":0.0009253803783884415,"relative_train_accuracy":0.008589317924097964,"relative_val_accuracy":0.009196281433105469}