{"train_loss":0.005384580837562681,"_timestamp":1.7336025766831033e+09,"real_world_rel_test_accuracy":0.00023364666226184945,"_runtime":114.1898713,"real_world_test_loss":0.010647077309867872,"val_loss":0.009501410881057382,"absolute_val_accuracy":0.2550930976867676,"test_rel_accuracy":0.00023364666226184945,"absolute_train_accuracy":0.3902902126312256,"test_abs_accuracy":0.2719968557357788,"_wandb":{"runtime":114},"_step":10,"relative_val_accuracy":0.0003892183303833008,"test_loss":0.009390506660565734,"real_world_abs_test_accuracy":0.29513714304643934,"relative_train_accuracy":0.0003480434417724609}