{"test_accuracy":0.4476683480398996,"train_accuracy":0.38562363072445516,"real_world_test_accuracy":0.33244862609636383,"val_loss":0.001698310802956777,"train_loss":0.0013766178591667038,"test_loss":0.0016744999281529868,"val_accuracy":0.4444131851196289,"_timestamp":1.7335468163362393e+09,"_runtime":202.1508665,"_step":80,"real_world_test_loss":0.005510853785841006,"_wandb":{"runtime":204}}