{"val_loss":0.002053978664872165,"_timestamp":1.7335383671671495e+09,"val_accuracy":0.43828487396240234,"_step":90,"test_loss":0.0019346833443985535,"train_loss":0.0014440009866743104,"_runtime":458.2300676,"real_world_test_loss":0.004405750820567298,"_wandb":{"runtime":460},"train_accuracy":0.5258843773289731}