{"test_loss":0.0007290661272306282,"_timestamp":1.7336006192902458e+09,"val_loss":0.0008041104436135636,"train_loss":0.0007532302360663092,"relative_val_accuracy":0.010142986591045674,"test_rel_accuracy":0.006744668386239544,"absolute_train_accuracy":0.4781927811472039,"relative_train_accuracy":0.010083474610981188,"_wandb":{"runtime":412},"absolute_val_accuracy":0.46688263232891375,"real_world_rel_test_accuracy":0.006744668386239544,"_runtime":412.1619555,"real_world_abs_test_accuracy":0.3506520778273118,"_step":81,"test_abs_accuracy":0.4780577879685622,"real_world_test_loss":0.002229755756212182}