{"_timestamp":1.7335574001310449e+09,"_runtime":45.7320245,"_step":8,"train_loss":0.0016301296694253228,"train_accuracy":0.27545660420467977,"_wandb":{"runtime":50},"val_loss":0.001368631599829174,"val_accuracy":0.259736574613131}