{"_wandb":{"runtime":557},"real_world_rel_test_accuracy":0.007773870872299024,"test_loss":0.0007681527757085859,"absolute_val_accuracy":0.4795161008834839,"relative_train_accuracy":0.010487743456135777,"_timestamp":1.7336142040119376e+09,"val_loss":0.0007210629992187023,"test_rel_accuracy":0.007773870872299024,"real_world_val_loss":0.0015661728057813863,"_runtime":557.8968026,"_step":100,"real_world_relative_val_accuracy":0.007999008916124536,"real_world_test_loss":0.0015893391698454317,"train_loss":0.0006741522157373016,"relative_val_accuracy":0.011046999134123325,"test_abs_accuracy":0.486945641040802,"real_world_absolute_val_accuracy":0.3924102215961896,"absolute_train_accuracy":0.49887761508717254,"real_world_abs_test_accuracy":0.38827735872516844}