{"real_world_test_loss":0.0036352292171914864,"_wandb":{"runtime":127},"real_world_test_accuracy":0.2362505831239835,"_timestamp":1.7335629760646026e+09,"train_loss":0.0013853067066520452,"_step":26,"test_accuracy":0.30297762155532837,"_runtime":127.7239685,"val_accuracy":0.29815006256103516,"train_accuracy":0.3517669767141342,"test_loss":0.0014422001841012388,"val_loss":0.0015787625161465257}