{"train_accuracy":0.11114931106567383,"test_accuracy":0.39486298194298375,"_wandb":{"runtime":103},"val_accuracy":0.3886569830087515,"train_loss":0.00104399309125974,"val_loss":0.001097950072457584,"_runtime":103.5665812,"_step":20,"_timestamp":1.7335943357566717e+09,"test_loss":0.0011271188178887735,"real_world_test_loss":0.002700045791828527,"real_world_test_accuracy":0.2925518844207423}