{"train_loss":0.0010999429597225237,"_step":44,"test_loss":0.0010848527845854943,"real_world_test_loss":0.0026733948674735,"_wandb":{"runtime":249},"val_accuracy":0.18334623483511117,"_timestamp":1.7335394874878106e+09,"train_accuracy":0.27481307481464584,"val_loss":0.0010059993723049187,"_runtime":246.9254831}