{"real_world_test_loss":0.00467030974806089,"test_loss":0.002095065312460065,"_wandb":{"runtime":135},"_runtime":129.7032523,"_step":26,"test_accuracy":0.4006226658821106,"real_world_test_accuracy":0.3024115012924024,"val_loss":0.0019144465622957796,"train_accuracy":0.38453368544578553,"train_loss":0.0018108739401213824,"_timestamp":1.7335904640999084e+09,"val_accuracy":0.3948400616645813}