{"train_accuracy":0.1040296956896782,"val_accuracy":0.09457230567932129,"real_world_test_loss":0.002067929816144072,"real_world_test_accuracy":0.06433513882434944,"test_accuracy":0.10331511497497559,"_wandb":{"runtime":376},"_timestamp":1.733568612652161e+09,"_step":78,"train_loss":0.000804707471979782,"test_loss":0.0008742478676140308,"_runtime":376.4749598,"val_loss":0.0008881969843059778}