{"_wandb":{"runtime":123},"test_loss":0.0014087286253925413,"_runtime":123.3419392,"val_accuracy":0.3745463490486145,"real_world_test_loss":0.002973430741644987,"test_accuracy":0.3598877191543579,"val_loss":0.0013747797929681838,"train_accuracy":0.35848448276519773,"_timestamp":1.7335594380103686e+09,"real_world_test_accuracy":0.26375395480584923,"train_loss":0.0013482811744324863,"_step":25}