{"real_world_test_loss":0.0031644336433066782,"_runtime":229.1004863,"_timestamp":1.7335716635279753e+09,"train_loss":0.0012515191803686321,"test_accuracy":0.09327667951583862,"_step":47,"val_accuracy":0.086445152759552,"test_loss":0.0012198620825074613,"train_accuracy":0.08418003767728806,"val_loss":0.0013304360036272556,"real_world_test_accuracy":0.0563093561222119,"_wandb":{"runtime":229}}