{"val_accuracy":0.12531051268944374,"_timestamp":1.733532148816467e+09,"_runtime":463.7274969,"_step":11,"train_loss":0.08013239032343815,"train_accuracy":0.3433486309490706,"_wandb":{"runtime":469},"val_loss":0.05099370531164683}