{"_runtime":372.2714416,"real_world_test_loss":0.0022871301939614034,"train_accuracy":0.07881189212203026,"test_accuracy":0.07145881652832031,"train_loss":0.0012128055095672607,"test_loss":0.0013673882640432566,"_wandb":{"runtime":372},"_step":77,"val_loss":0.001281094941077754,"real_world_test_accuracy":0.05952913078676812,"val_accuracy":0.07841283082962036,"_timestamp":1.7335672436995068e+09}