{"val_accuracy":0.2371509075164795,"train_accuracy":0.24134503304958344,"real_world_test_loss":0.0024014636507425735,"train_loss":0.0006470647233072669,"val_loss":0.0007379432354355231,"test_loss":0.0008035369246499613,"_step":78,"test_accuracy":0.2263374924659729,"real_world_test_accuracy":0.16880662201948768,"_timestamp":1.7335726355201788e+09,"_wandb":{"runtime":377},"_runtime":377.0222638}