{"train_loss":0.0010866554919630289,"_timestamp":1.7335641104799783e+09,"val_accuracy":0.31787681579589844,"real_world_test_loss":0.0027720401973245477,"_step":33,"_runtime":161.2376763,"val_loss":0.0010967986017931253,"test_loss":0.0011423499090597034,"train_accuracy":0.3942974656820297,"real_world_test_accuracy":0.2403137320479496,"test_accuracy":0.2999674677848816,"_wandb":{"runtime":161}}