{"real_world_test_loss":0.004460904822874378,"_step":15,"train_loss":0.0014940460911020636,"train_accuracy":0.10582449436187744,"test_accuracy":0.06851977109909058,"_runtime":77.1938658,"val_loss":0.0018163155182264745,"_wandb":{"runtime":77},"val_accuracy":0.07660651206970215,"test_loss":0.0019161852251272649,"real_world_test_accuracy":0.0457865208055007,"_timestamp":1.733558300638084e+09}