{"val_accuracy":0.08455175161361694,"test_loss":0.0012491120724007487,"_step":32,"val_loss":0.0012188925466034561,"test_accuracy":0.07645440101623535,"train_accuracy":0.07919348925352096,"real_world_test_loss":0.00319777562721809,"_wandb":{"runtime":156},"_timestamp":1.7335752309788554e+09,"real_world_test_accuracy":0.050554296784241406,"_runtime":156.6060993,"train_loss":0.0012213437468744815}