{"_runtime":487.0655802,"test_accuracy":0.04883807897567749,"_timestamp":1.7335835136036532e+09,"_step":100,"real_world_test_loss":0.00771744647253734,"test_loss":0.004671788192354143,"_wandb":{"runtime":487},"val_loss":0.004588744486682117,"train_loss":0.004045205656439066,"train_accuracy":0.06255257949233055,"val_accuracy":0.05245310068130493,"real_world_test_accuracy":0.030819293734752555}