{"train_loss":0.0012322324787658687,"real_world_abs_test_accuracy":0.30965120109926814,"_timestamp":1.7335982440524297e+09,"test_loss":0.0012380578823817463,"_runtime":172.1371837,"absolute_train_accuracy":0.405887528469688,"real_world_test_loss":0.003661610912613841,"real_world_rel_test_accuracy":0.004124581149076441,"val_loss":0.0012466450974058646,"test_rel_accuracy":0.004124581149076441,"absolute_val_accuracy":0.47344215099628156,"relative_train_accuracy":0.005593199478952508,"_step":26,"relative_val_accuracy":0.005770976726825421,"test_abs_accuracy":0.4725184073814979,"_wandb":{"runtime":178}}