{"val_loss":0.0016569624153467326,"_step":12,"_timestamp":1.7335325282710807e+09,"val_accuracy":0.018753565274752103,"train_accuracy":0.04447981744612518,"_wandb":{"runtime":69},"train_loss":0.0016841305860955465,"_runtime":67.0867997,"test_loss":0.0016278619698893565,"real_world_test_loss":0.0031358468571122127}