{"_wandb":{"runtime":371},"train_accuracy":0.11143459528684616,"real_world_test_accuracy":0.08708366762749768,"test_accuracy":0.09868526458740234,"real_world_test_loss":0.0024680435127573484,"_timestamp":1.7335707299674547e+09,"train_loss":0.000798484293045476,"_runtime":371.8703626,"test_loss":0.0008944057626649737,"val_loss":0.0008422095415880904,"_step":77,"val_accuracy":0.10285824537277222}