{"real_world_test_loss":0.0031651038000079694,"_timestamp":1.7335499983746307e+09,"_runtime":266.4923926,"_wandb":{"runtime":268},"test_loss":0.0010272672337193328,"_step":52,"real_world_test_accuracy":0.28687691954431926,"val_loss":0.0010469385261575764,"train_accuracy":0.4808791813097502,"val_accuracy":0.4046126879178561,"test_accuracy":0.39884332510141224,"train_loss":0.0007541156649638555}