{"real_world_test_accuracy":0.20341287492376278,"_step":24,"train_loss":0.0016212619026191532,"test_accuracy":0.25689661502838135,"val_accuracy":0.2656461000442505,"train_accuracy":0.3343514442443848,"_timestamp":1.7335643837189982e+09,"_runtime":118.3529272,"real_world_test_loss":0.003782061048141563,"val_loss":0.0016363552131224424,"test_loss":0.0015111518441699445,"_wandb":{"runtime":118}}