{"train_loss":0.0012812971100701314,"_runtime":96.0794162,"real_world_test_loss":0.0034074680977085516,"_wandb":{"runtime":98},"test_loss":0.0013247463419767363,"_timestamp":1.7335447409933052e+09,"test_accuracy":0.08495616912841797,"val_loss":0.0012397310097834893,"val_accuracy":0.08729403359549386,"train_accuracy":0.0764575592781368,"_step":37,"real_world_test_accuracy":0.05320507177189823}