{"real_world_test_accuracy":0.03969151379893703,"val_loss":0.001296928443480283,"_runtime":233.0101115,"train_loss":0.0013518100837245583,"val_accuracy":0.07066220045089722,"_wandb":{"runtime":233},"_timestamp":1.7335718980595677e+09,"_step":48,"real_world_test_loss":0.003909727381274007,"test_accuracy":0.07646632194519043,"train_accuracy":0.07372957095503807,"test_loss":0.001259015261894092}