{"absolute_val_accuracy":0.4598263960618239,"test_abs_accuracy":0.4608614994929387,"test_rel_accuracy":0.006350605904391264,"test_loss":0.0008273156529937226,"relative_val_accuracy":0.009175960834209736,"_step":65,"train_loss":0.0007580412830544734,"relative_train_accuracy":0.010272076255396792,"_timestamp":1.7335975776738744e+09,"real_world_abs_test_accuracy":0.3346521313748838,"real_world_test_loss":0.0024229454919159218,"absolute_train_accuracy":0.46832175003854853,"real_world_rel_test_accuracy":0.006350605904391264,"_wandb":{"runtime":328},"val_loss":0.0007966982442527437,"_runtime":328.5872914}