{"_timestamp":1.7335611307771645e+09,"val_accuracy":0.39878857135772705,"test_loss":0.0009206250542774796,"real_world_test_loss":0.002676026807681633,"_runtime":338.9344595,"train_accuracy":0.4171611160039902,"_step":70,"train_loss":0.0009509025199804455,"val_loss":0.0010257048270432279,"_wandb":{"runtime":338},"test_accuracy":0.3921217918395996,"real_world_test_accuracy":0.29947126310554134}