{"train_accuracy":0.12403274837293123,"val_accuracy":0.1296551777766301,"real_world_test_loss":0.002895555196703865,"real_world_test_accuracy":0.12406552679919843,"_runtime":121.7333723,"train_loss":0.0011515186863681791,"test_loss":0.0012155744032217907,"val_loss":0.0012606302759825038,"_wandb":{"runtime":125},"_timestamp":1.733542590505972e+09,"_step":22,"test_accuracy":0.1381368637084961}