{"val_loss":0.001091886224457994,"_timestamp":1.7335737660698512e+09,"test_accuracy":0.12328600883483887,"real_world_test_accuracy":0.13916458073158688,"_wandb":{"runtime":137},"test_loss":0.0010441593185532838,"_step":28,"train_accuracy":0.11063262671232224,"real_world_test_loss":0.0020307319091207115,"val_accuracy":0.1155318021774292,"train_loss":0.0009680409857537597,"_runtime":137.2772881}