{"_wandb":{"runtime":218},"val_loss":0.0010868416429730132,"_step":45,"test_accuracy":0.33008819818496704,"real_world_test_accuracy":0.2431607157767484,"train_accuracy":0.3755237519741058,"_timestamp":1.7335636266033263e+09,"train_loss":0.0011225705849938095,"real_world_test_loss":0.003274907826356846,"_runtime":218.3738391,"test_loss":0.0009988904639612883,"val_accuracy":0.309567928314209}