{"test_loss":0.0012744491687044501,"val_loss":0.0014786983374506235,"real_world_test_loss":0.003211016665188142,"test_accuracy":0.4053232669830322,"real_world_test_accuracy":0.31488264005866634,"_runtime":120.6088233,"val_accuracy":0.41783779859542847,"train_accuracy":0.39070250988006594,"_step":24,"_wandb":{"runtime":127},"train_loss":0.0012930976692587138,"_timestamp":1.7335925208270884e+09}