{"_step":16,"_runtime":130.4260507,"test_abs_accuracy":0.33796459436416626,"test_loss":0.001223483416987093,"relative_val_accuracy":0.006100102474814967,"absolute_val_accuracy":0.34462006939084905,"test_rel_accuracy":0.006228138523030902,"absolute_train_accuracy":0.38312068738435445,"real_world_abs_test_accuracy":0.29101227827674836,"_timestamp":1.7336106420520036e+09,"_wandb":{"runtime":130},"relative_train_accuracy":0.007256173250967996,"train_loss":0.001318572083970107,"real_world_test_loss":0.0018060643414271732,"val_loss":0.0011608825451204258,"real_world_rel_test_accuracy":0.006228138523030902}