{"_step":100,"val_accuracy":0.055018603801727295,"test_loss":0.003079777117818594,"real_world_test_loss":0.005234412257784638,"train_accuracy":0.06060933321714401,"val_loss":0.0031902146292850375,"train_loss":0.002909113164059818,"_runtime":486.8767086,"_timestamp":1.7335825356882055e+09,"_wandb":{"runtime":486},"real_world_test_accuracy":0.03787974531322607,"test_accuracy":0.05798381567001343}