{"_wandb":{"runtime":127},"train_loss":0.002242541001913579,"train_accuracy":0.08065692178512875,"_step":49,"val_accuracy":0.07836832318987165,"real_world_test_loss":0.007107612959734167,"_timestamp":1.733545115425182e+09,"real_world_test_accuracy":0.04324397544435409,"test_loss":0.002025868544088943,"test_accuracy":0.07753426688058036,"val_loss":0.0022655418308983955,"_runtime":125.2686753}