{"_runtime":492.686783,"test_accuracy":0.04732769727706909,"_step":100,"real_world_test_loss":0.004877583963318718,"_timestamp":1.733587917221261e+09,"real_world_test_accuracy":0.027866576240851534,"val_loss":0.0025159785873256624,"_wandb":{"runtime":492},"test_loss":0.0026300110621377826,"train_accuracy":0.05968611240386963,"train_loss":0.00253948497120291,"val_accuracy":0.05759507417678833}