{"_runtime":87.9893692,"_wandb":{"runtime":87},"real_world_test_loss":0.0032503363595441067,"absolute_val_accuracy":0.40567757533146787,"absolute_train_accuracy":0.30167958610936213,"test_rel_accuracy":0.003343206356006041,"real_world_abs_test_accuracy":0.27602100017788683,"_step":15,"real_world_rel_test_accuracy":0.003343206356006041,"test_abs_accuracy":0.4092288384070763,"relative_val_accuracy":0.006549908564640925,"_timestamp":1.7336010590902324e+09,"val_loss":0.0013119740447459312,"relative_train_accuracy":0.0059600378337659335,"train_loss":0.0013297306493194284,"test_loss":0.0012793855275958776}