{"val_accuracy":0.44399760319636417,"test_accuracy":0.44139840052678037,"real_world_test_accuracy":0.32184422149090963,"_wandb":{"runtime":234},"_timestamp":1.733589666189227e+09,"real_world_test_loss":0.006165349875006835,"val_loss":0.0016688900247502786,"_step":45,"_runtime":228.7792789,"train_loss":0.0014121603039951112,"train_accuracy":0.4740909777189556,"test_loss":0.001878094241524545}