{"val_accuracy":0.18825362278864935,"real_world_test_loss":0.0021507625768201763,"real_world_test_accuracy":0.15460301509133945,"_wandb":{"runtime":690},"_timestamp":1.7335485912864995e+09,"train_accuracy":0.21740027477866725,"train_loss":0.0006974232857924347,"test_loss":0.0007481193841578296,"val_loss":0.0007680303757437146,"test_accuracy":0.18775477776160607,"_runtime":687.4959297,"_step":73}