{"_step":27,"_timestamp":1.7335354936891525e+09,"val_accuracy":0.9460000258225661,"real_world_test_loss":0.0031942573787564874,"train_accuracy":0.9473335617466977,"train_loss":0.0013469255569170376,"_wandb":{"runtime":149},"_runtime":147.3543166,"test_loss":0.00129913087361134,"val_loss":0.0013120936301465218}