{"real_world_test_accuracy":0.006495762934915195,"train_loss":0.019156748056411745,"test_loss":0.018492015544325113,"test_accuracy":0.005573570728302002,"_wandb":{"runtime":487},"_step":100,"train_accuracy":0.005512436246499419,"_timestamp":1.7335800907708282e+09,"val_loss":0.018934248480945826,"val_accuracy":0.006011664867401123,"_runtime":487.6646198,"real_world_test_loss":0.024642857224386198}