{"train_loss":0.0008877664329606647,"val_accuracy":0.14774241814246544,"_runtime":168.556595,"val_loss":0.0009475901427392203,"test_accuracy":0.14029943026029146,"real_world_test_accuracy":0.14316425536201788,"real_world_test_loss":0.0023716759734240026,"train_accuracy":0.18178613562332957,"_timestamp":1.7335420891646879e+09,"_wandb":{"runtime":172},"_step":32,"test_loss":0.0010365299352158147}