{"train_accuracy":0.00815753936767578,"val_loss":0.0009431782964384183,"real_world_test_loss":0.002668027082217085,"test_accuracy":0.007791340351104736,"real_world_test_accuracy":0.0066671265102230485,"val_accuracy":0.008279681205749512,"_step":63,"train_loss":0.0009618456184398383,"test_loss":0.000907242632820271,"_runtime":309.7223915,"_wandb":{"runtime":309},"_timestamp":1.7335965468149676e+09}