{"_step":26,"test_loss":0.001574602909386158,"real_world_test_loss":0.003227848468844339,"_wandb":{"runtime":127},"train_accuracy":0.3718488931655884,"_timestamp":1.733560732477954e+09,"val_accuracy":0.3221380114555359,"_runtime":127.9640191,"real_world_test_accuracy":0.24013930537000464,"train_loss":0.0013264274457469583,"val_loss":0.001469765673391521,"test_accuracy":0.31698673963546753}