{"_wandb":{"runtime":487},"val_loss":0.031971429474651814,"_runtime":487.6195775,"_timestamp":1.7335815581591659e+09,"real_world_test_accuracy":0.004227535432156134,"test_accuracy":0.002122163772583008,"val_accuracy":0.0029255151748657227,"real_world_test_loss":0.035472096002844185,"train_loss":0.03164574671536684,"train_accuracy":0.002496337890625,"test_loss":0.032142901327461004,"_step":100}