{"train_accuracy":0.09986981600522996,"_runtime":209.1601508,"_step":43,"val_loss":0.0010423340718261898,"train_loss":0.0008985770924482495,"real_world_test_loss":0.0030468357137281477,"test_accuracy":0.08742958307266235,"_wandb":{"runtime":209},"val_accuracy":0.0897979736328125,"real_world_test_accuracy":0.05296268959470841,"test_loss":0.001052275372785516,"_timestamp":1.733572108777918e+09}