{"_runtime":75.4590279,"real_world_abs_test_accuracy":0.2883078989929426,"_wandb":{"runtime":81},"relative_train_accuracy":0.006100855375591077,"train_loss":0.001403456497140915,"test_abs_accuracy":0.3900263859675481,"absolute_train_accuracy":0.3523475496392501,"_step":13,"relative_val_accuracy":0.006556217487041767,"test_loss":0.0023378562092637787,"real_world_test_loss":0.0042533797850714625,"real_world_rel_test_accuracy":0.004001092733503717,"_timestamp":1.7335993026147509e+09,"absolute_val_accuracy":0.3933130411001352,"val_loss":0.002436892487681829,"test_rel_accuracy":0.004001092733503717}