{"val_accuracy":0.4570876955986023,"test_loss":0.0014313582796603441,"_wandb":{"runtime":103},"_runtime":103.6279345,"val_loss":0.0013957908086013049,"_step":21,"train_loss":0.001298707548994571,"real_world_test_accuracy":0.33775681279405784,"_timestamp":1.7335631916138387e+09,"train_accuracy":0.4161993205547333,"real_world_test_loss":0.0030227058193192827,"test_accuracy":0.4641287326812744}