{"_step":30,"train_accuracy":0.08651431426405906,"test_loss":0.001184681401355192,"train_loss":0.0011294682102743537,"_wandb":{"runtime":146},"real_world_test_loss":0.0030154277984707246,"val_accuracy":0.08137375116348267,"real_world_test_accuracy":0.059891484483910316,"_runtime":146.6436003,"val_loss":0.0012501621094997972,"_timestamp":1.7335722569692965e+09,"test_accuracy":0.07762342691421509}