{"_runtime":448.2799574,"val_accuracy":0.12936533414400542,"train_loss":0.0016841020827230654,"test_loss":0.0016041633476001711,"test_accuracy":0.1323237785926232,"_wandb":{"runtime":448},"val_loss":0.001627451847665585,"_timestamp":1.7335553669653754e+09,"real_world_test_loss":0.004729925058470506,"real_world_test_accuracy":0.10987315124738616,"train_accuracy":0.13692657571089895,"_step":89}