{"train_loss":0.0008555997803341598,"real_world_test_loss":0.002614709742317066,"test_loss":0.0010392854601377621,"_step":63,"_runtime":304.9819691,"train_accuracy":0.10693469047546386,"val_loss":0.0010830802493728697,"_timestamp":1.7335675502320561e+09,"real_world_test_accuracy":0.05708840522624303,"val_accuracy":0.09000444412231445,"test_accuracy":0.09372800588607788,"_wandb":{"runtime":304}}