{"test_accuracy":0.09020423889160156,"train_accuracy":0.09157288894057274,"train_loss":0.0010159516183193772,"real_world_test_accuracy":0.06476056974616635,"_runtime":141.8747768,"_step":29,"real_world_test_loss":0.0023020110978073265,"_wandb":{"runtime":141},"_timestamp":1.7335699974325068e+09,"val_loss":0.0012080355954822153,"val_accuracy":0.08632200956344604,"test_loss":0.0011182669550180435}