{"_timestamp":1.7335628467077312e+09,"test_accuracy":0.38295793533325195,"real_world_test_loss":0.004610125964323966,"val_accuracy":0.35933464765548706,"_step":52,"val_loss":0.0013935651222709566,"real_world_test_accuracy":0.27916998313705277,"train_loss":0.0013684576377272605,"train_accuracy":0.3620424121618271,"test_loss":0.001275727612664923,"_runtime":252.5011063,"_wandb":{"runtime":252}}