{"_wandb":{"runtime":146},"real_world_test_loss":0.002446996989369143,"real_world_test_accuracy":0.14618067404594562,"_runtime":143.9112109,"val_accuracy":0.154287474496024,"train_accuracy":0.16638337546273282,"test_loss":0.0009199186128431133,"_step":56,"train_loss":0.0010638403779778041,"_timestamp":1.7335460378950696e+09,"test_accuracy":0.16078036172049387,"val_loss":0.0009194199561274477}