{"_wandb":{"runtime":265},"test_loss":0.001460367813706398,"val_loss":0.0012930582161061466,"val_accuracy":0.1087997555732727,"_step":49,"real_world_test_accuracy":0.08661387844156598,"train_loss":0.0013200243003666401,"train_accuracy":0.08412377834320069,"_runtime":265.9268539,"test_accuracy":0.10534542798995972,"_timestamp":1.7335887259146e+09,"real_world_test_loss":0.003275656992059762}