{"val_accuracy":0.4551876508272611,"_step":58,"_wandb":{"runtime":295},"_timestamp":1.7335471134454439e+09,"train_accuracy":0.40878313466122274,"_runtime":293.1430648,"test_accuracy":0.44993268526517427,"test_loss":0.0017045262502506375,"real_world_test_loss":0.003349685251667791,"train_loss":0.0014345348463393748,"val_loss":0.0016542584277116335,"real_world_test_accuracy":0.37974531322606875}